run_id,suite,case_slug,common_link_category,algorithm,algorithm_iperf_name,trial,delay_ms,jitter_ms,rate_mbps,loss_pct,loss_correlation_pct,queue_depth_packets,raw_file,metadata_source,throughput_mbps,utilization,total_bytes,duration_seconds,retransmits,retransmits_per_second,mean_rtt_ms,p95_rtt_ms,mean_cwnd_bytes,mean_snd_wnd_bytes,interval_count,convergence_time_s
20260509_163006,common_links,geo_1000ms_delay-1000ms_jitter-100ms_rate-10mbps_loss-3pct_corr-0pct_q1667,Geo 1000Ms,bbrv3,bbr,1,1000.0,100.0,10.0,3.0,0.0,1667,/Users/Rohin/Desktop/courses/EE122/EE-122-simulation/Final Test Outputs/common_links/geo_1000ms_delay-1000ms_jitter-100ms_rate-10mbps_loss-3pct_corr-0pct_q1667/bbrv3/bbrv3_1000ms_100ms_10mbps_3_0_trial1.json,.meta.json,7.6546375873643315,0.7654637587364331,172228608.0,179.999229,3736.0,20.75564445889932,,,,,180,0.999823
20260509_163006,common_links,geo_1000ms_delay-1000ms_jitter-100ms_rate-10mbps_loss-3pct_corr-0pct_q1667,Geo 1000Ms,bbrv3,bbr,2,1000.0,100.0,10.0,3.0,0.0,1667,/Users/Rohin/Desktop/courses/EE122/EE-122-simulation/Final Test Outputs/common_links/geo_1000ms_delay-1000ms_jitter-100ms_rate-10mbps_loss-3pct_corr-0pct_q1667/bbrv3/bbrv3_1000ms_100ms_10mbps_3_0_trial2.json,.meta.json,5.5633021135140766,0.5563302113514077,125173760.0,179.999227,2645.0,14.694507549190753,,,,,180,63.000971
20260509_163006,common_links,geo_1000ms_delay-1000ms_jitter-100ms_rate-10mbps_loss-3pct_corr-0pct_q1667,Geo 1000Ms,bbrv3,bbr,3,1000.0,100.0,10.0,3.0,0.0,1667,/Users/Rohin/Desktop/courses/EE122/EE-122-simulation/Final Test Outputs/common_links/geo_1000ms_delay-1000ms_jitter-100ms_rate-10mbps_loss-3pct_corr-0pct_q1667/bbrv3/bbrv3_1000ms_100ms_10mbps_3_0_trial3.json,.meta.json,5.941910761265616,0.5941910761265616,133693440.0,180.000603,2889.0,16.04994623268012,,,,,180,56.000649
20260509_163006,common_links,geo_1000ms_delay-1000ms_jitter-100ms_rate-10mbps_loss-3pct_corr-0pct_q1667,Geo 1000Ms,bbrv3,bbr,4,1000.0,100.0,10.0,3.0,0.0,1667,/Users/Rohin/Desktop/courses/EE122/EE-122-simulation/Final Test Outputs/common_links/geo_1000ms_delay-1000ms_jitter-100ms_rate-10mbps_loss-3pct_corr-0pct_q1667/bbrv3/bbrv3_1000ms_100ms_10mbps_3_0_trial4.json,.meta.json,7.5905299628912,0.7590529962891199,170786816.0,179.999886,3753.0,20.850013205008363,,,,,180,6.001144
20260509_163006,common_links,geo_1000ms_delay-1000ms_jitter-100ms_rate-10mbps_loss-3pct_corr-0pct_q1667,Geo 1000Ms,bbrv3,bbr,5,1000.0,100.0,10.0,3.0,0.0,1667,/Users/Rohin/Desktop/courses/EE122/EE-122-simulation/Final Test Outputs/common_links/geo_1000ms_delay-1000ms_jitter-100ms_rate-10mbps_loss-3pct_corr-0pct_q1667/bbrv3/bbrv3_1000ms_100ms_10mbps_3_0_trial5.json,.meta.json,7.6895202954772435,0.7689520295477243,173015040.0,180.000867,3848.0,21.377674808644116,,,,,180,23.000805
20260509_163006,common_links,geo_1000ms_delay-1000ms_jitter-100ms_rate-10mbps_loss-3pct_corr-0pct_q1667,Geo 1000Ms,cubic,cubic,1,1000.0,100.0,10.0,3.0,0.0,1667,/Users/Rohin/Desktop/courses/EE122/EE-122-simulation/Final Test Outputs/common_links/geo_1000ms_delay-1000ms_jitter-100ms_rate-10mbps_loss-3pct_corr-0pct_q1667/cubic/cubic_1000ms_100ms_10mbps_3_0_trial1.json,.meta.json,0.1689355259947328,0.01689355259947328,3801088.0,180.001831,86.0,0.47777291776548647,,,,,180,
20260509_163006,common_links,geo_1000ms_delay-1000ms_jitter-100ms_rate-10mbps_loss-3pct_corr-0pct_q1667,Geo 1000Ms,cubic,cubic,2,1000.0,100.0,10.0,3.0,0.0,1667,/Users/Rohin/Desktop/courses/EE122/EE-122-simulation/Final Test Outputs/common_links/geo_1000ms_delay-1000ms_jitter-100ms_rate-10mbps_loss-3pct_corr-0pct_q1667/cubic/cubic_1000ms_100ms_10mbps_3_0_trial2.json,.meta.json,0.15146249576856868,0.015146249576856868,3407872.0,179.998196,80.0,0.4444488988100747,,,,,180,
20260509_163006,common_links,geo_1000ms_delay-1000ms_jitter-100ms_rate-10mbps_loss-3pct_corr-0pct_q1667,Geo 1000Ms,cubic,cubic,3,1000.0,100.0,10.0,3.0,0.0,1667,/Users/Rohin/Desktop/courses/EE122/EE-122-simulation/Final Test Outputs/common_links/geo_1000ms_delay-1000ms_jitter-100ms_rate-10mbps_loss-3pct_corr-0pct_q1667/cubic/cubic_1000ms_100ms_10mbps_3_0_trial3.json,.meta.json,0.2097144426978458,0.020971444269784582,4718592.0,180.00065,94.0,0.5222203364265628,,,,,180,98.003021
20260509_163006,common_links,geo_1000ms_delay-1000ms_jitter-100ms_rate-10mbps_loss-3pct_corr-0pct_q1667,Geo 1000Ms,cubic,cubic,4,1000.0,100.0,10.0,3.0,0.0,1667,/Users/Rohin/Desktop/courses/EE122/EE-122-simulation/Final Test Outputs/common_links/geo_1000ms_delay-1000ms_jitter-100ms_rate-10mbps_loss-3pct_corr-0pct_q1667/cubic/cubic_1000ms_100ms_10mbps_3_0_trial4.json,.meta.json,0.16893835849906408,0.01689383584990641,3801088.0,179.998813,77.0,0.42778059875317065,,,,,180,
20260509_163006,common_links,geo_1000ms_delay-1000ms_jitter-100ms_rate-10mbps_loss-3pct_corr-0pct_q1667,Geo 1000Ms,cubic,cubic,5,1000.0,100.0,10.0,3.0,0.0,1667,/Users/Rohin/Desktop/courses/EE122/EE-122-simulation/Final Test Outputs/common_links/geo_1000ms_delay-1000ms_jitter-100ms_rate-10mbps_loss-3pct_corr-0pct_q1667/cubic/cubic_1000ms_100ms_10mbps_3_0_trial5.json,.meta.json,0.1689380149895017,0.01689380149895017,3801088.0,179.999179,85.0,0.47222437609007095,,,,,180,
20260509_163006,common_links,geo_1000ms_delay-1000ms_jitter-100ms_rate-10mbps_loss-3pct_corr-0pct_q1667,Geo 1000Ms,reno,reno,1,1000.0,100.0,10.0,3.0,0.0,1667,/Users/Rohin/Desktop/courses/EE122/EE-122-simulation/Final Test Outputs/common_links/geo_1000ms_delay-1000ms_jitter-100ms_rate-10mbps_loss-3pct_corr-0pct_q1667/reno/reno_1000ms_100ms_10mbps_3_0_trial1.json,.meta.json,0.06990470976428736,0.006990470976428737,1572864.0,180.000919,31.0,0.172221342936588,,,,,180,
20260509_163006,common_links,geo_1000ms_delay-1000ms_jitter-100ms_rate-10mbps_loss-3pct_corr-0pct_q1667,Geo 1000Ms,reno,reno,2,1000.0,100.0,10.0,3.0,0.0,1667,/Users/Rohin/Desktop/courses/EE122/EE-122-simulation/Final Test Outputs/common_links/geo_1000ms_delay-1000ms_jitter-100ms_rate-10mbps_loss-3pct_corr-0pct_q1667/reno/reno_1000ms_100ms_10mbps_3_0_trial2.json,.meta.json,0.06407972881608738,0.006407972881608738,1441792.0,179.999763,33.0,0.18333357472254005,,,,,180,
20260509_163006,common_links,geo_1000ms_delay-1000ms_jitter-100ms_rate-10mbps_loss-3pct_corr-0pct_q1667,Geo 1000Ms,reno,reno,3,1000.0,100.0,10.0,3.0,0.0,1667,/Users/Rohin/Desktop/courses/EE122/EE-122-simulation/Final Test Outputs/common_links/geo_1000ms_delay-1000ms_jitter-100ms_rate-10mbps_loss-3pct_corr-0pct_q1667/reno/reno_1000ms_100ms_10mbps_3_0_trial3.json,.meta.json,0.06990495909070184,0.006990495909070184,1572864.0,180.000277,32.0,0.17777750419795185,,,,,180,
20260509_163006,common_links,geo_1000ms_delay-1000ms_jitter-100ms_rate-10mbps_loss-3pct_corr-0pct_q1667,Geo 1000Ms,reno,reno,4,1000.0,100.0,10.0,3.0,0.0,1667,/Users/Rohin/Desktop/courses/EE122/EE-122-simulation/Final Test Outputs/common_links/geo_1000ms_delay-1000ms_jitter-100ms_rate-10mbps_loss-3pct_corr-0pct_q1667/reno/reno_1000ms_100ms_10mbps_3_0_trial4.json,.meta.json,0.06990503054906755,0.006990503054906755,1572864.0,180.000093,36.0,0.19999989666672005,,,,,180,
20260509_163006,common_links,geo_1000ms_delay-1000ms_jitter-100ms_rate-10mbps_loss-3pct_corr-0pct_q1667,Geo 1000Ms,reno,reno,5,1000.0,100.0,10.0,3.0,0.0,1667,/Users/Rohin/Desktop/courses/EE122/EE-122-simulation/Final Test Outputs/common_links/geo_1000ms_delay-1000ms_jitter-100ms_rate-10mbps_loss-3pct_corr-0pct_q1667/reno/reno_1000ms_100ms_10mbps_3_0_trial5.json,.meta.json,0.0757312066524364,0.007573120665243641,1703936.0,179.998294,35.0,0.1944462873631458,,,,,180,
20260509_163006,common_links,geo_1000ms_delay-1000ms_jitter-100ms_rate-10mbps_loss-3pct_corr-0pct_q1667,Geo 1000Ms,vegas,vegas,1,1000.0,100.0,10.0,3.0,0.0,1667,/Users/Rohin/Desktop/courses/EE122/EE-122-simulation/Final Test Outputs/common_links/geo_1000ms_delay-1000ms_jitter-100ms_rate-10mbps_loss-3pct_corr-0pct_q1667/vegas/vegas_1000ms_100ms_10mbps_3_0_trial1.json,.meta.json,0.06990547017657507,0.006990547017657507,1572864.0,179.998961,29.0,0.16111204108561492,,,,,180,
20260509_163006,common_links,geo_1000ms_delay-1000ms_jitter-100ms_rate-10mbps_loss-3pct_corr-0pct_q1667,Geo 1000Ms,vegas,vegas,2,1000.0,100.0,10.0,3.0,0.0,1667,/Users/Rohin/Desktop/courses/EE122/EE-122-simulation/Final Test Outputs/common_links/geo_1000ms_delay-1000ms_jitter-100ms_rate-10mbps_loss-3pct_corr-0pct_q1667/vegas/vegas_1000ms_100ms_10mbps_3_0_trial2.json,.meta.json,0.06407970425216841,0.006407970425216842,1441792.0,179.999832,33.0,0.18333350444460414,,,,,180,
20260509_163006,common_links,geo_1000ms_delay-1000ms_jitter-100ms_rate-10mbps_loss-3pct_corr-0pct_q1667,Geo 1000Ms,vegas,vegas,3,1000.0,100.0,10.0,3.0,0.0,1667,/Users/Rohin/Desktop/courses/EE122/EE-122-simulation/Final Test Outputs/common_links/geo_1000ms_delay-1000ms_jitter-100ms_rate-10mbps_loss-3pct_corr-0pct_q1667/vegas/vegas_1000ms_100ms_10mbps_3_0_trial3.json,.meta.json,0.06990511831878186,0.006990511831878187,1572864.0,179.999867,33.0,0.1833334687963964,,,,,180,
20260509_163006,common_links,geo_1000ms_delay-1000ms_jitter-100ms_rate-10mbps_loss-3pct_corr-0pct_q1667,Geo 1000Ms,vegas,vegas,4,1000.0,100.0,10.0,3.0,0.0,1667,/Users/Rohin/Desktop/courses/EE122/EE-122-simulation/Final Test Outputs/common_links/geo_1000ms_delay-1000ms_jitter-100ms_rate-10mbps_loss-3pct_corr-0pct_q1667/vegas/vegas_1000ms_100ms_10mbps_3_0_trial4.json,.meta.json,0.07573085365916735,0.007573085365916735,1703936.0,179.999133,33.0,0.1833342163931423,,,,,180,
20260509_163006,common_links,geo_1000ms_delay-1000ms_jitter-100ms_rate-10mbps_loss-3pct_corr-0pct_q1667,Geo 1000Ms,vegas,vegas,5,1000.0,100.0,10.0,3.0,0.0,1667,/Users/Rohin/Desktop/courses/EE122/EE-122-simulation/Final Test Outputs/common_links/geo_1000ms_delay-1000ms_jitter-100ms_rate-10mbps_loss-3pct_corr-0pct_q1667/vegas/vegas_1000ms_100ms_10mbps_3_0_trial5.json,.meta.json,0.06990466238470255,0.0069904662384702556,1572864.0,180.001041,33.0,0.18333227306168748,,,,,180,
20260509_163006,common_links,geo_500ms_delay-500ms_jitter-50ms_rate-20mbps_loss-1pct_corr-0pct_q1667,Geo 500Ms,bbrv3,bbr,1,500.0,50.0,20.0,1.0,0.0,1667,/Users/Rohin/Desktop/courses/EE122/EE-122-simulation/Final Test Outputs/common_links/geo_500ms_delay-500ms_jitter-50ms_rate-20mbps_loss-1pct_corr-0pct_q1667/bbrv3/bbrv3_500ms_50ms_20mbps_1_0_trial1.json,.meta.json,17.045185043440334,0.8522592521720167,383516672.0,180.000004,2671.0,14.83888855913581,,,,,180,1.001153
20260509_163006,common_links,geo_500ms_delay-500ms_jitter-50ms_rate-20mbps_loss-1pct_corr-0pct_q1667,Geo 500Ms,bbrv3,bbr,2,500.0,50.0,20.0,1.0,0.0,1667,/Users/Rohin/Desktop/courses/EE122/EE-122-simulation/Final Test Outputs/common_links/geo_500ms_delay-500ms_jitter-50ms_rate-20mbps_loss-1pct_corr-0pct_q1667/bbrv3/bbrv3_500ms_50ms_20mbps_1_0_trial2.json,.meta.json,16.981099928732245,0.8490549964366123,382074880.0,180.000062,2719.0,15.105550352532655,,,,,180,8.000695
20260509_163006,common_links,geo_500ms_delay-500ms_jitter-50ms_rate-20mbps_loss-1pct_corr-0pct_q1667,Geo 500Ms,bbrv3,bbr,3,500.0,50.0,20.0,1.0,0.0,1667,/Users/Rohin/Desktop/courses/EE122/EE-122-simulation/Final Test Outputs/common_links/geo_500ms_delay-500ms_jitter-50ms_rate-20mbps_loss-1pct_corr-0pct_q1667/bbrv3/bbrv3_500ms_50ms_20mbps_1_0_trial3.json,.meta.json,17.010150673160634,0.8505075336580317,382730240.0,180.00087,2623.0,14.572151790155237,,,,,180,1.00024
20260509_163006,common_links,geo_500ms_delay-500ms_jitter-50ms_rate-20mbps_loss-1pct_corr-0pct_q1667,Geo 500Ms,bbrv3,bbr,4,500.0,50.0,20.0,1.0,0.0,1667,/Users/Rohin/Desktop/courses/EE122/EE-122-simulation/Final Test Outputs/common_links/geo_500ms_delay-500ms_jitter-50ms_rate-20mbps_loss-1pct_corr-0pct_q1667/bbrv3/bbrv3_500ms_50ms_20mbps_1_0_trial4.json,.meta.json,17.05676131167668,0.852838065583834,383778816.0,180.000791,2729.0,15.161044486743394,,,,,180,1.000417
20260509_163006,common_links,geo_500ms_delay-500ms_jitter-50ms_rate-20mbps_loss-1pct_corr-0pct_q1667,Geo 500Ms,bbrv3,bbr,5,500.0,50.0,20.0,1.0,0.0,1667,/Users/Rohin/Desktop/courses/EE122/EE-122-simulation/Final Test Outputs/common_links/geo_500ms_delay-500ms_jitter-50ms_rate-20mbps_loss-1pct_corr-0pct_q1667/bbrv3/bbrv3_500ms_50ms_20mbps_1_0_trial5.json,.meta.json,17.02780498425805,0.8513902492129025,383123456.0,179.998987,2674.0,14.855639159791494,,,,,180,1.001063
20260509_163006,common_links,geo_500ms_delay-500ms_jitter-50ms_rate-20mbps_loss-1pct_corr-0pct_q1667,Geo 500Ms,cubic,cubic,1,500.0,50.0,20.0,1.0,0.0,1667,/Users/Rohin/Desktop/courses/EE122/EE-122-simulation/Final Test Outputs/common_links/geo_500ms_delay-500ms_jitter-50ms_rate-20mbps_loss-1pct_corr-0pct_q1667/cubic/cubic_500ms_50ms_20mbps_1_0_trial1.json,.meta.json,0.4369017005506704,0.02184508502753352,9830400.0,180.002046,84.0,0.46666136228251537,,,,,180,25.001279
20260509_163006,common_links,geo_500ms_delay-500ms_jitter-50ms_rate-20mbps_loss-1pct_corr-0pct_q1667,Geo 500Ms,cubic,cubic,2,500.0,50.0,20.0,1.0,0.0,1667,/Users/Rohin/Desktop/courses/EE122/EE-122-simulation/Final Test Outputs/common_links/geo_500ms_delay-500ms_jitter-50ms_rate-20mbps_loss-1pct_corr-0pct_q1667/cubic/cubic_500ms_50ms_20mbps_1_0_trial2.json,.meta.json,0.40777792217843395,0.020388896108921698,9175040.0,180.000721,86.0,0.4777758640200113,,,,,180,21.00125
20260509_163006,common_links,geo_500ms_delay-500ms_jitter-50ms_rate-20mbps_loss-1pct_corr-0pct_q1667,Geo 500Ms,cubic,cubic,3,500.0,50.0,20.0,1.0,0.0,1667,/Users/Rohin/Desktop/courses/EE122/EE-122-simulation/Final Test Outputs/common_links/geo_500ms_delay-500ms_jitter-50ms_rate-20mbps_loss-1pct_corr-0pct_q1667/cubic/cubic_500ms_50ms_20mbps_1_0_trial3.json,.meta.json,0.4427269606349282,0.02213634803174641,9961472.0,180.002085,72.0,0.3999953667203355,,,,,180,144.002407
20260509_163006,common_links,geo_500ms_delay-500ms_jitter-50ms_rate-20mbps_loss-1pct_corr-0pct_q1667,Geo 500Ms,cubic,cubic,4,500.0,50.0,20.0,1.0,0.0,1667,/Users/Rohin/Desktop/courses/EE122/EE-122-simulation/Final Test Outputs/common_links/geo_500ms_delay-500ms_jitter-50ms_rate-20mbps_loss-1pct_corr-0pct_q1667/cubic/cubic_500ms_50ms_20mbps_1_0_trial4.json,.meta.json,0.5068145067349397,0.025340725336746982,11403264.0,179.999015,88.0,0.4888915642121708,,,,,180,46.001981
20260509_163006,common_links,geo_500ms_delay-500ms_jitter-50ms_rate-20mbps_loss-1pct_corr-0pct_q1667,Geo 500Ms,cubic,cubic,5,500.0,50.0,20.0,1.0,0.0,1667,/Users/Rohin/Desktop/courses/EE122/EE-122-simulation/Final Test Outputs/common_links/geo_500ms_delay-500ms_jitter-50ms_rate-20mbps_loss-1pct_corr-0pct_q1667/cubic/cubic_500ms_50ms_20mbps_1_0_trial5.json,.meta.json,0.4194266484616443,0.020971332423082214,9437184.0,180.00161,86.0,0.477773504359211,,,,,180,110.001167
20260509_163006,common_links,geo_500ms_delay-500ms_jitter-50ms_rate-20mbps_loss-1pct_corr-0pct_q1667,Geo 500Ms,reno,reno,1,500.0,50.0,20.0,1.0,0.0,1667,/Users/Rohin/Desktop/courses/EE122/EE-122-simulation/Final Test Outputs/common_links/geo_500ms_delay-500ms_jitter-50ms_rate-20mbps_loss-1pct_corr-0pct_q1667/reno/reno_500ms_50ms_20mbps_1_0_trial1.json,.meta.json,0.2213664810283376,0.01106832405141688,4980736.0,179.999645,42.0,0.23333379351942612,,,,,180,
20260509_163006,common_links,geo_500ms_delay-500ms_jitter-50ms_rate-20mbps_loss-1pct_corr-0pct_q1667,Geo 500Ms,reno,reno,2,500.0,50.0,20.0,1.0,0.0,1667,/Users/Rohin/Desktop/courses/EE122/EE-122-simulation/Final Test Outputs/common_links/geo_500ms_delay-500ms_jitter-50ms_rate-20mbps_loss-1pct_corr-0pct_q1667/reno/reno_500ms_50ms_20mbps_1_0_trial2.json,.meta.json,0.2970953680592786,0.01485476840296393,6684672.0,180.000706,37.0,0.20555474932414985,,,,,180,
20260509_163006,common_links,geo_500ms_delay-500ms_jitter-50ms_rate-20mbps_loss-1pct_corr-0pct_q1667,Geo 500Ms,reno,reno,3,500.0,50.0,20.0,1.0,0.0,1667,/Users/Rohin/Desktop/courses/EE122/EE-122-simulation/Final Test Outputs/common_links/geo_500ms_delay-500ms_jitter-50ms_rate-20mbps_loss-1pct_corr-0pct_q1667/reno/reno_500ms_50ms_20mbps_1_0_trial3.json,.meta.json,0.2504956869536365,0.012524784347681825,5636096.0,179.998181,41.0,0.22778007962202687,,,,,180,
20260509_163006,common_links,geo_500ms_delay-500ms_jitter-50ms_rate-20mbps_loss-1pct_corr-0pct_q1667,Geo 500Ms,reno,reno,4,500.0,50.0,20.0,1.0,0.0,1667,/Users/Rohin/Desktop/courses/EE122/EE-122-simulation/Final Test Outputs/common_links/geo_500ms_delay-500ms_jitter-50ms_rate-20mbps_loss-1pct_corr-0pct_q1667/reno/reno_500ms_50ms_20mbps_1_0_trial4.json,.meta.json,0.24466788693039568,0.012233394346519783,5505024.0,179.999887,41.0,0.2277779207716947,,,,,180,
20260509_163006,common_links,geo_500ms_delay-500ms_jitter-50ms_rate-20mbps_loss-1pct_corr-0pct_q1667,Geo 500Ms,reno,reno,5,500.0,50.0,20.0,1.0,0.0,1667,/Users/Rohin/Desktop/courses/EE122/EE-122-simulation/Final Test Outputs/common_links/geo_500ms_delay-500ms_jitter-50ms_rate-20mbps_loss-1pct_corr-0pct_q1667/reno/reno_500ms_50ms_20mbps_1_0_trial5.json,.meta.json,0.262143812130268,0.0131071906065134,5898240.0,180.000129,37.0,0.20555540824084634,,,,,180,
20260509_163006,common_links,geo_500ms_delay-500ms_jitter-50ms_rate-20mbps_loss-1pct_corr-0pct_q1667,Geo 500Ms,vegas,vegas,1,500.0,50.0,20.0,1.0,0.0,1667,/Users/Rohin/Desktop/courses/EE122/EE-122-simulation/Final Test Outputs/common_links/geo_500ms_delay-500ms_jitter-50ms_rate-20mbps_loss-1pct_corr-0pct_q1667/vegas/vegas_500ms_50ms_20mbps_1_0_trial1.json,.meta.json,0.25631651300586744,0.012815825650293372,5767168.0,180.00145,40.0,0.22222043211318576,,,,,180,
20260509_163006,common_links,geo_500ms_delay-500ms_jitter-50ms_rate-20mbps_loss-1pct_corr-0pct_q1667,Geo 500Ms,vegas,vegas,2,500.0,50.0,20.0,1.0,0.0,1667,/Users/Rohin/Desktop/courses/EE122/EE-122-simulation/Final Test Outputs/common_links/geo_500ms_delay-500ms_jitter-50ms_rate-20mbps_loss-1pct_corr-0pct_q1667/vegas/vegas_500ms_50ms_20mbps_1_0_trial2.json,.meta.json,0.2737952490529792,0.01368976245264896,6160384.0,179.999734,38.0,0.2111114230868808,,,,,180,
20260509_163006,common_links,geo_500ms_delay-500ms_jitter-50ms_rate-20mbps_loss-1pct_corr-0pct_q1667,Geo 500Ms,vegas,vegas,3,500.0,50.0,20.0,1.0,0.0,1667,/Users/Rohin/Desktop/courses/EE122/EE-122-simulation/Final Test Outputs/common_links/geo_500ms_delay-500ms_jitter-50ms_rate-20mbps_loss-1pct_corr-0pct_q1667/vegas/vegas_500ms_50ms_20mbps_1_0_trial3.json,.meta.json,0.25631851227415803,0.012815925613707901,5767168.0,180.000046,41.0,0.22777771956791612,,,,,180,
20260509_163006,common_links,geo_500ms_delay-500ms_jitter-50ms_rate-20mbps_loss-1pct_corr-0pct_q1667,Geo 500Ms,vegas,vegas,4,500.0,50.0,20.0,1.0,0.0,1667,/Users/Rohin/Desktop/courses/EE122/EE-122-simulation/Final Test Outputs/common_links/geo_500ms_delay-500ms_jitter-50ms_rate-20mbps_loss-1pct_corr-0pct_q1667/vegas/vegas_500ms_50ms_20mbps_1_0_trial4.json,.meta.json,0.2563168476390562,0.01281584238195281,5767168.0,180.001215,39.0,0.21666520417653848,,,,,180,
20260509_163006,common_links,geo_500ms_delay-500ms_jitter-50ms_rate-20mbps_loss-1pct_corr-0pct_q1667,Geo 500Ms,vegas,vegas,5,500.0,50.0,20.0,1.0,0.0,1667,/Users/Rohin/Desktop/courses/EE122/EE-122-simulation/Final Test Outputs/common_links/geo_500ms_delay-500ms_jitter-50ms_rate-20mbps_loss-1pct_corr-0pct_q1667/vegas/vegas_500ms_50ms_20mbps_1_0_trial5.json,.meta.json,0.2563206938475059,0.012816034692375295,5767168.0,179.998514,43.0,0.23889086106566412,,,,,180,
20260509_163006,common_links,leo_delay-80ms_jitter-8ms_rate-50mbps_loss-0p3pct_corr-0pct_q667,LEO,bbrv3,bbr,1,80.0,8.0,50.0,0.3,0.0,667,/Users/Rohin/Desktop/courses/EE122/EE-122-simulation/Final Test Outputs/common_links/leo_delay-80ms_jitter-8ms_rate-50mbps_loss-0p3pct_corr-0pct_q667/bbrv3/bbrv3_80ms_8ms_50mbps_0.3_0_trial1.json,.meta.json,45.519651233961575,0.9103930246792316,1024196608.0,180.000783,2196.0,12.199946930230853,,,,,180,5.001029
20260509_163006,common_links,leo_delay-80ms_jitter-8ms_rate-50mbps_loss-0p3pct_corr-0pct_q667,LEO,bbrv3,bbr,2,80.0,8.0,50.0,0.3,0.0,667,/Users/Rohin/Desktop/courses/EE122/EE-122-simulation/Final Test Outputs/common_links/leo_delay-80ms_jitter-8ms_rate-50mbps_loss-0p3pct_corr-0pct_q667/bbrv3/bbrv3_80ms_8ms_50mbps_0.3_0_trial2.json,.meta.json,45.444093256369904,0.9088818651273981,1022492672.0,180.000101,2049.0,11.383326946022102,,,,,180,4.000104
20260509_163006,common_links,leo_delay-80ms_jitter-8ms_rate-50mbps_loss-0p3pct_corr-0pct_q667,LEO,bbrv3,bbr,3,80.0,8.0,50.0,0.3,0.0,667,/Users/Rohin/Desktop/courses/EE122/EE-122-simulation/Final Test Outputs/common_links/leo_delay-80ms_jitter-8ms_rate-50mbps_loss-0p3pct_corr-0pct_q667/bbrv3/bbrv3_80ms_8ms_50mbps_0.3_0_trial3.json,.meta.json,45.50818727577644,0.9101637455155288,1023934464.0,180.000044,2110.0,11.722219356790823,,,,,180,4.000164
20260509_163006,common_links,leo_delay-80ms_jitter-8ms_rate-50mbps_loss-0p3pct_corr-0pct_q667,LEO,bbrv3,bbr,4,80.0,8.0,50.0,0.3,0.0,667,/Users/Rohin/Desktop/courses/EE122/EE-122-simulation/Final Test Outputs/common_links/leo_delay-80ms_jitter-8ms_rate-50mbps_loss-0p3pct_corr-0pct_q667/bbrv3/bbrv3_80ms_8ms_50mbps_0.3_0_trial4.json,.meta.json,45.484902775764816,0.9096980555152964,1023410176.0,179.999976,2135.0,11.861112692592803,,,,,180,4.000149
20260509_163006,common_links,leo_delay-80ms_jitter-8ms_rate-50mbps_loss-0p3pct_corr-0pct_q667,LEO,bbrv3,bbr,5,80.0,8.0,50.0,0.3,0.0,667,/Users/Rohin/Desktop/courses/EE122/EE-122-simulation/Final Test Outputs/common_links/leo_delay-80ms_jitter-8ms_rate-50mbps_loss-0p3pct_corr-0pct_q667/bbrv3/bbrv3_80ms_8ms_50mbps_0.3_0_trial5.json,.meta.json,45.636362506060486,0.9127272501212097,1026818048.0,179.999981,2116.0,11.755556796419885,,,,,180,1.000195
20260509_163006,common_links,leo_delay-80ms_jitter-8ms_rate-50mbps_loss-0p3pct_corr-0pct_q667,LEO,cubic,cubic,1,80.0,8.0,50.0,0.3,0.0,667,/Users/Rohin/Desktop/courses/EE122/EE-122-simulation/Final Test Outputs/common_links/leo_delay-80ms_jitter-8ms_rate-50mbps_loss-0p3pct_corr-0pct_q667/cubic/cubic_80ms_8ms_50mbps_0.3_0_trial1.json,.meta.json,2.866119866574102,0.05732239733148204,64487424.0,179.999238,148.0,0.8222257029776981,,,,,180,1.000716
20260509_163006,common_links,leo_delay-80ms_jitter-8ms_rate-50mbps_loss-0p3pct_corr-0pct_q667,LEO,cubic,cubic,2,80.0,8.0,50.0,0.3,0.0,667,/Users/Rohin/Desktop/courses/EE122/EE-122-simulation/Final Test Outputs/common_links/leo_delay-80ms_jitter-8ms_rate-50mbps_loss-0p3pct_corr-0pct_q667/cubic/cubic_80ms_8ms_50mbps_0.3_0_trial2.json,.meta.json,3.052520549148097,0.06105041098296194,68681728.0,180.000041,141.0,0.783333154907448,,,,,180,6.001735
20260509_163006,common_links,leo_delay-80ms_jitter-8ms_rate-50mbps_loss-0p3pct_corr-0pct_q667,LEO,cubic,cubic,3,80.0,8.0,50.0,0.3,0.0,667,/Users/Rohin/Desktop/courses/EE122/EE-122-simulation/Final Test Outputs/common_links/leo_delay-80ms_jitter-8ms_rate-50mbps_loss-0p3pct_corr-0pct_q667/cubic/cubic_80ms_8ms_50mbps_0.3_0_trial3.json,.meta.json,3.1165530844274105,0.06233106168854821,70123520.0,180.002761,142.0,0.7888767883954847,,,,,180,1.000386
20260509_163006,common_links,leo_delay-80ms_jitter-8ms_rate-50mbps_loss-0p3pct_corr-0pct_q667,LEO,cubic,cubic,4,80.0,8.0,50.0,0.3,0.0,667,/Users/Rohin/Desktop/courses/EE122/EE-122-simulation/Final Test Outputs/common_links/leo_delay-80ms_jitter-8ms_rate-50mbps_loss-0p3pct_corr-0pct_q667/cubic/cubic_80ms_8ms_50mbps_0.3_0_trial4.json,.meta.json,2.8253212390291442,0.05650642478058288,63569920.0,180.000544,147.0,0.8166641985259778,,,,,180,44.001879
20260509_163006,common_links,leo_delay-80ms_jitter-8ms_rate-50mbps_loss-0p3pct_corr-0pct_q667,LEO,cubic,cubic,5,80.0,8.0,50.0,0.3,0.0,667,/Users/Rohin/Desktop/courses/EE122/EE-122-simulation/Final Test Outputs/common_links/leo_delay-80ms_jitter-8ms_rate-50mbps_loss-0p3pct_corr-0pct_q667/cubic/cubic_80ms_8ms_50mbps_0.3_0_trial5.json,.meta.json,2.9185395815857853,0.058370791631715706,65667072.0,179.999812,141.0,0.783334151482336,,,,,180,3.000333
20260509_163006,common_links,leo_delay-80ms_jitter-8ms_rate-50mbps_loss-0p3pct_corr-0pct_q667,LEO,reno,reno,1,80.0,8.0,50.0,0.3,0.0,667,/Users/Rohin/Desktop/courses/EE122/EE-122-simulation/Final Test Outputs/common_links/leo_delay-80ms_jitter-8ms_rate-50mbps_loss-0p3pct_corr-0pct_q667/reno/reno_80ms_8ms_50mbps_0.3_0_trial1.json,.meta.json,2.9884633493721537,0.05976926698744307,67239936.0,179.99869,137.0,0.7611166503489553,,,,,180,1.00064
20260509_163006,common_links,leo_delay-80ms_jitter-8ms_rate-50mbps_loss-0p3pct_corr-0pct_q667,LEO,reno,reno,2,80.0,8.0,50.0,0.3,0.0,667,/Users/Rohin/Desktop/courses/EE122/EE-122-simulation/Final Test Outputs/common_links/leo_delay-80ms_jitter-8ms_rate-50mbps_loss-0p3pct_corr-0pct_q667/reno/reno_80ms_8ms_50mbps_0.3_0_trial2.json,.meta.json,2.7496279919499824,0.05499255983899965,61865984.0,179.998121,142.0,0.7888971240983121,,,,,180,6.001161
20260509_163006,common_links,leo_delay-80ms_jitter-8ms_rate-50mbps_loss-0p3pct_corr-0pct_q667,LEO,reno,reno,3,80.0,8.0,50.0,0.3,0.0,667,/Users/Rohin/Desktop/courses/EE122/EE-122-simulation/Final Test Outputs/common_links/leo_delay-80ms_jitter-8ms_rate-50mbps_loss-0p3pct_corr-0pct_q667/reno/reno_80ms_8ms_50mbps_0.3_0_trial3.json,.meta.json,3.0234023972998862,0.06046804794599772,68026368.0,179.999508,141.0,0.7833354744502968,,,,,180,1.00081
20260509_163006,common_links,leo_delay-80ms_jitter-8ms_rate-50mbps_loss-0p3pct_corr-0pct_q667,LEO,reno,reno,4,80.0,8.0,50.0,0.3,0.0,667,/Users/Rohin/Desktop/courses/EE122/EE-122-simulation/Final Test Outputs/common_links/leo_delay-80ms_jitter-8ms_rate-50mbps_loss-0p3pct_corr-0pct_q667/reno/reno_80ms_8ms_50mbps_0.3_0_trial4.json,.meta.json,3.0292126388533633,0.06058425277706727,68157440.0,180.000411,143.0,0.7944426304671048,,,,,180,5.001107
20260509_163006,common_links,leo_delay-80ms_jitter-8ms_rate-50mbps_loss-0p3pct_corr-0pct_q667,LEO,reno,reno,5,80.0,8.0,50.0,0.3,0.0,667,/Users/Rohin/Desktop/courses/EE122/EE-122-simulation/Final Test Outputs/common_links/leo_delay-80ms_jitter-8ms_rate-50mbps_loss-0p3pct_corr-0pct_q667/reno/reno_80ms_8ms_50mbps_0.3_0_trial5.json,.meta.json,2.8253400588763253,0.05650680117752651,63569920.0,179.999345,141.0,0.7833361838066688,,,,,180,9.001084
20260509_163006,common_links,leo_delay-80ms_jitter-8ms_rate-50mbps_loss-0p3pct_corr-0pct_q667,LEO,vegas,vegas,1,80.0,8.0,50.0,0.3,0.0,667,/Users/Rohin/Desktop/courses/EE122/EE-122-simulation/Final Test Outputs/common_links/leo_delay-80ms_jitter-8ms_rate-50mbps_loss-0p3pct_corr-0pct_q667/vegas/vegas_80ms_8ms_50mbps_0.3_0_trial1.json,.meta.json,2.7495998540844147,0.054991997081688296,61865984.0,179.999963,121.0,0.6722223604012629,,,,,180,1.001785
20260509_163006,common_links,leo_delay-80ms_jitter-8ms_rate-50mbps_loss-0p3pct_corr-0pct_q667,LEO,vegas,vegas,2,80.0,8.0,50.0,0.3,0.0,667,/Users/Rohin/Desktop/courses/EE122/EE-122-simulation/Final Test Outputs/common_links/leo_delay-80ms_jitter-8ms_rate-50mbps_loss-0p3pct_corr-0pct_q667/vegas/vegas_80ms_8ms_50mbps_0.3_0_trial2.json,.meta.json,2.8078715282867512,0.05615743056573502,63176704.0,179.998845,120.0,0.6666709444718938,,,,,180,2.002273
20260509_163006,common_links,leo_delay-80ms_jitter-8ms_rate-50mbps_loss-0p3pct_corr-0pct_q667,LEO,vegas,vegas,3,80.0,8.0,50.0,0.3,0.0,667,/Users/Rohin/Desktop/courses/EE122/EE-122-simulation/Final Test Outputs/common_links/leo_delay-80ms_jitter-8ms_rate-50mbps_loss-0p3pct_corr-0pct_q667/vegas/vegas_80ms_8ms_50mbps_0.3_0_trial3.json,.meta.json,2.8893802394818033,0.057787604789636064,65011712.0,180.001818,127.0,0.7055484295164175,,,,,180,7.001984
20260509_163006,common_links,leo_delay-80ms_jitter-8ms_rate-50mbps_loss-0p3pct_corr-0pct_q667,LEO,vegas,vegas,4,80.0,8.0,50.0,0.3,0.0,667,/Users/Rohin/Desktop/courses/EE122/EE-122-simulation/Final Test Outputs/common_links/leo_delay-80ms_jitter-8ms_rate-50mbps_loss-0p3pct_corr-0pct_q667/vegas/vegas_80ms_8ms_50mbps_0.3_0_trial4.json,.meta.json,2.673883075564642,0.053477661511292844,60162048.0,179.999039,136.0,0.7555595894042523,,,,,180,29.001395
20260509_163006,common_links,leo_delay-80ms_jitter-8ms_rate-50mbps_loss-0p3pct_corr-0pct_q667,LEO,vegas,vegas,5,80.0,8.0,50.0,0.3,0.0,667,/Users/Rohin/Desktop/courses/EE122/EE-122-simulation/Final Test Outputs/common_links/leo_delay-80ms_jitter-8ms_rate-50mbps_loss-0p3pct_corr-0pct_q667/vegas/vegas_80ms_8ms_50mbps_0.3_0_trial5.json,.meta.json,2.697175074086515,0.0539435014817303,60686336.0,179.999694,130.0,0.7222234500020872,,,,,180,2.001167
20260509_163006,common_links,terrestrial_delay-20ms_jitter-2ms_rate-90mbps_loss-0p01pct_corr-0pct_q300,Terrestrial,bbrv3,bbr,1,20.0,2.0,90.0,0.01,0.0,300,/Users/Rohin/Desktop/courses/EE122/EE-122-simulation/Final Test Outputs/common_links/terrestrial_delay-20ms_jitter-2ms_rate-90mbps_loss-0p01pct_corr-0pct_q300/bbrv3/bbrv3_20ms_2ms_90mbps_0.01_0_trial1.json,.meta.json,83.8744692289131,0.9319385469879233,1887174656.0,179.999914,126.0,0.7000003344446043,,,,,180,3.000074
20260509_163006,common_links,terrestrial_delay-20ms_jitter-2ms_rate-90mbps_loss-0p01pct_corr-0pct_q300,Terrestrial,bbrv3,bbr,2,20.0,2.0,90.0,0.01,0.0,300,/Users/Rohin/Desktop/courses/EE122/EE-122-simulation/Final Test Outputs/common_links/terrestrial_delay-20ms_jitter-2ms_rate-90mbps_loss-0p01pct_corr-0pct_q300/bbrv3/bbrv3_20ms_2ms_90mbps_0.01_0_trial2.json,.meta.json,83.8278388176638,0.9314204313073756,1886126080.0,179.999972,136.0,0.755555673086438,,,,,180,3.000073
20260509_163006,common_links,terrestrial_delay-20ms_jitter-2ms_rate-90mbps_loss-0p01pct_corr-0pct_q300,Terrestrial,bbrv3,bbr,3,20.0,2.0,90.0,0.01,0.0,300,/Users/Rohin/Desktop/courses/EE122/EE-122-simulation/Final Test Outputs/common_links/terrestrial_delay-20ms_jitter-2ms_rate-90mbps_loss-0p01pct_corr-0pct_q300/bbrv3/bbrv3_20ms_2ms_90mbps_0.01_0_trial3.json,.meta.json,83.93267032158462,0.9325852257953847,1888485376.0,180.000028,139.0,0.7722221020987842,,,,,180,3.000098
20260509_163006,common_links,terrestrial_delay-20ms_jitter-2ms_rate-90mbps_loss-0p01pct_corr-0pct_q300,Terrestrial,bbrv3,bbr,4,20.0,2.0,90.0,0.01,0.0,300,/Users/Rohin/Desktop/courses/EE122/EE-122-simulation/Final Test Outputs/common_links/terrestrial_delay-20ms_jitter-2ms_rate-90mbps_loss-0p01pct_corr-0pct_q300/bbrv3/bbrv3_20ms_2ms_90mbps_0.01_0_trial4.json,.meta.json,83.87450138082063,0.9319389042313404,1887174656.0,179.999845,176.0,0.9777786197538115,,,,,180,3.000059
20260509_163006,common_links,terrestrial_delay-20ms_jitter-2ms_rate-90mbps_loss-0p01pct_corr-0pct_q300,Terrestrial,bbrv3,bbr,5,20.0,2.0,90.0,0.01,0.0,300,/Users/Rohin/Desktop/courses/EE122/EE-122-simulation/Final Test Outputs/common_links/terrestrial_delay-20ms_jitter-2ms_rate-90mbps_loss-0p01pct_corr-0pct_q300/bbrv3/bbrv3_20ms_2ms_90mbps_0.01_0_trial5.json,.meta.json,83.88608372827039,0.9320675969807821,1887436800.0,179.999992,161.0,0.8944444841975326,,,,,180,3.000077
20260509_163006,common_links,terrestrial_delay-20ms_jitter-2ms_rate-90mbps_loss-0p01pct_corr-0pct_q300,Terrestrial,cubic,cubic,1,20.0,2.0,90.0,0.01,0.0,300,/Users/Rohin/Desktop/courses/EE122/EE-122-simulation/Final Test Outputs/common_links/terrestrial_delay-20ms_jitter-2ms_rate-90mbps_loss-0p01pct_corr-0pct_q300/cubic/cubic_20ms_2ms_90mbps_0.01_0_trial1.json,.meta.json,63.87572840664499,0.7097303156293887,1437204480.0,180.000074,96.0,0.5333331140741642,,,,,180,3.000454
20260509_163006,common_links,terrestrial_delay-20ms_jitter-2ms_rate-90mbps_loss-0p01pct_corr-0pct_q300,Terrestrial,cubic,cubic,2,20.0,2.0,90.0,0.01,0.0,300,/Users/Rohin/Desktop/courses/EE122/EE-122-simulation/Final Test Outputs/common_links/terrestrial_delay-20ms_jitter-2ms_rate-90mbps_loss-0p01pct_corr-0pct_q300/cubic/cubic_20ms_2ms_90mbps_0.01_0_trial2.json,.meta.json,61.33012556616463,0.6814458396240515,1379926016.0,179.999764,102.0,0.5666674096306037,,,,,180,4.000105
20260509_163006,common_links,terrestrial_delay-20ms_jitter-2ms_rate-90mbps_loss-0p01pct_corr-0pct_q300,Terrestrial,cubic,cubic,3,20.0,2.0,90.0,0.01,0.0,300,/Users/Rohin/Desktop/courses/EE122/EE-122-simulation/Final Test Outputs/common_links/terrestrial_delay-20ms_jitter-2ms_rate-90mbps_loss-0p01pct_corr-0pct_q300/cubic/cubic_20ms_2ms_90mbps_0.01_0_trial3.json,.meta.json,62.168546414128805,0.6907616268236534,1398800384.0,180.001041,101.0,0.5611078660372859,,,,,180,7.00048
20260509_163006,common_links,terrestrial_delay-20ms_jitter-2ms_rate-90mbps_loss-0p01pct_corr-0pct_q300,Terrestrial,cubic,cubic,4,20.0,2.0,90.0,0.01,0.0,300,/Users/Rohin/Desktop/courses/EE122/EE-122-simulation/Final Test Outputs/common_links/terrestrial_delay-20ms_jitter-2ms_rate-90mbps_loss-0p01pct_corr-0pct_q300/cubic/cubic_20ms_2ms_90mbps_0.01_0_trial4.json,.meta.json,60.3688813440949,0.6707653482677212,1358299136.0,179.999908,106.0,0.588889189876697,,,,,180,1.001018
20260509_163006,common_links,terrestrial_delay-20ms_jitter-2ms_rate-90mbps_loss-0p01pct_corr-0pct_q300,Terrestrial,cubic,cubic,5,20.0,2.0,90.0,0.01,0.0,300,/Users/Rohin/Desktop/courses/EE122/EE-122-simulation/Final Test Outputs/common_links/terrestrial_delay-20ms_jitter-2ms_rate-90mbps_loss-0p01pct_corr-0pct_q300/cubic/cubic_20ms_2ms_90mbps_0.01_0_trial5.json,.meta.json,62.3553416374548,0.6928371293050534,1402994688.0,179.999936,101.0,0.5611113106173549,,,,,180,7.000121
20260509_163006,common_links,terrestrial_delay-20ms_jitter-2ms_rate-90mbps_loss-0p01pct_corr-0pct_q300,Terrestrial,reno,reno,1,20.0,2.0,90.0,0.01,0.0,300,/Users/Rohin/Desktop/courses/EE122/EE-122-simulation/Final Test Outputs/common_links/terrestrial_delay-20ms_jitter-2ms_rate-90mbps_loss-0p01pct_corr-0pct_q300/reno/reno_20ms_2ms_90mbps_0.01_0_trial1.json,.meta.json,66.57293107314943,0.7396992341461048,1497890816.0,179.999984,93.0,0.5166667125925967,,,,,180,1.000624
20260509_163006,common_links,terrestrial_delay-20ms_jitter-2ms_rate-90mbps_loss-0p01pct_corr-0pct_q300,Terrestrial,reno,reno,2,20.0,2.0,90.0,0.01,0.0,300,/Users/Rohin/Desktop/courses/EE122/EE-122-simulation/Final Test Outputs/common_links/terrestrial_delay-20ms_jitter-2ms_rate-90mbps_loss-0p01pct_corr-0pct_q300/reno/reno_20ms_2ms_90mbps_0.01_0_trial2.json,.meta.json,61.8950107036493,0.6877223411516589,1392640000.0,180.000292,101.0,0.5611102008656741,,,,,180,3.000074
20260509_163006,common_links,terrestrial_delay-20ms_jitter-2ms_rate-90mbps_loss-0p01pct_corr-0pct_q300,Terrestrial,reno,reno,3,20.0,2.0,90.0,0.01,0.0,300,/Users/Rohin/Desktop/courses/EE122/EE-122-simulation/Final Test Outputs/common_links/terrestrial_delay-20ms_jitter-2ms_rate-90mbps_loss-0p01pct_corr-0pct_q300/reno/reno_20ms_2ms_90mbps_0.01_0_trial3.json,.meta.json,64.14967994879368,0.7127742216532631,1443364864.0,179.999634,94.0,0.5222232840762332,,,,,180,4.000081
20260509_163006,common_links,terrestrial_delay-20ms_jitter-2ms_rate-90mbps_loss-0p01pct_corr-0pct_q300,Terrestrial,reno,reno,4,20.0,2.0,90.0,0.01,0.0,300,/Users/Rohin/Desktop/courses/EE122/EE-122-simulation/Final Test Outputs/common_links/terrestrial_delay-20ms_jitter-2ms_rate-90mbps_loss-0p01pct_corr-0pct_q300/reno/reno_20ms_2ms_90mbps_0.01_0_trial4.json,.meta.json,62.1573825337453,0.6906375837082811,1398538240.0,179.999631,98.0,0.5444455605578437,,,,,180,1.000062
20260509_163006,common_links,terrestrial_delay-20ms_jitter-2ms_rate-90mbps_loss-0p01pct_corr-0pct_q300,Terrestrial,reno,reno,5,20.0,2.0,90.0,0.01,0.0,300,/Users/Rohin/Desktop/courses/EE122/EE-122-simulation/Final Test Outputs/common_links/terrestrial_delay-20ms_jitter-2ms_rate-90mbps_loss-0p01pct_corr-0pct_q300/reno/reno_20ms_2ms_90mbps_0.01_0_trial5.json,.meta.json,60.79429544891918,0.6754921716546576,1367867392.0,179.99944,103.0,0.5722240024746744,,,,,180,16.999806
20260509_163006,common_links,terrestrial_delay-20ms_jitter-2ms_rate-90mbps_loss-0p01pct_corr-0pct_q300,Terrestrial,vegas,vegas,1,20.0,2.0,90.0,0.01,0.0,300,/Users/Rohin/Desktop/courses/EE122/EE-122-simulation/Final Test Outputs/common_links/terrestrial_delay-20ms_jitter-2ms_rate-90mbps_loss-0p01pct_corr-0pct_q300/vegas/vegas_20ms_2ms_90mbps_0.01_0_trial1.json,.meta.json,19.480241564367716,0.21644712849297462,438304768.0,179.999726,29.0,0.16111135635839802,,,,,180,1.001289
20260509_163006,common_links,terrestrial_delay-20ms_jitter-2ms_rate-90mbps_loss-0p01pct_corr-0pct_q300,Terrestrial,vegas,vegas,2,20.0,2.0,90.0,0.01,0.0,300,/Users/Rohin/Desktop/courses/EE122/EE-122-simulation/Final Test Outputs/common_links/terrestrial_delay-20ms_jitter-2ms_rate-90mbps_loss-0p01pct_corr-0pct_q300/vegas/vegas_20ms_2ms_90mbps_0.01_0_trial2.json,.meta.json,18.128784456384,0.20143093840426668,407896064.0,179.9993,35.0,0.19444520062022463,,,,,180,1.001062
20260509_163006,common_links,terrestrial_delay-20ms_jitter-2ms_rate-90mbps_loss-0p01pct_corr-0pct_q300,Terrestrial,vegas,vegas,3,20.0,2.0,90.0,0.01,0.0,300,/Users/Rohin/Desktop/courses/EE122/EE-122-simulation/Final Test Outputs/common_links/terrestrial_delay-20ms_jitter-2ms_rate-90mbps_loss-0p01pct_corr-0pct_q300/vegas/vegas_20ms_2ms_90mbps_0.01_0_trial3.json,.meta.json,18.798789990185476,0.20887544433539418,422969344.0,179.99854,29.0,0.16111241791183417,,,,,180,3.001001
20260509_163006,common_links,terrestrial_delay-20ms_jitter-2ms_rate-90mbps_loss-0p01pct_corr-0pct_q300,Terrestrial,vegas,vegas,4,20.0,2.0,90.0,0.01,0.0,300,/Users/Rohin/Desktop/courses/EE122/EE-122-simulation/Final Test Outputs/common_links/terrestrial_delay-20ms_jitter-2ms_rate-90mbps_loss-0p01pct_corr-0pct_q300/vegas/vegas_20ms_2ms_90mbps_0.01_0_trial4.json,.meta.json,20.11511822970303,0.22350131366336698,452591616.0,180.000579,31.0,0.17222166824252272,,,,,180,1.000814
20260509_163006,common_links,terrestrial_delay-20ms_jitter-2ms_rate-90mbps_loss-0p01pct_corr-0pct_q300,Terrestrial,vegas,vegas,5,20.0,2.0,90.0,0.01,0.0,300,/Users/Rohin/Desktop/courses/EE122/EE-122-simulation/Final Test Outputs/common_links/terrestrial_delay-20ms_jitter-2ms_rate-90mbps_loss-0p01pct_corr-0pct_q300/vegas/vegas_20ms_2ms_90mbps_0.01_0_trial5.json,.meta.json,16.654883798821714,0.1850542644313524,374734848.0,179.999982,29.0,0.16111112722222384,,,,,180,1.000108
20260509_163006,delay,case01_delay-10ms_jitter-0ms_rate-50mbps_loss-0pct_corr-0pct_q83,,bbrv3,bbr,1,10.0,0.0,50.0,0.0,0.0,83,/Users/Rohin/Desktop/courses/EE122/EE-122-simulation/Final Test Outputs/delay/case01_delay-10ms_jitter-0ms_rate-50mbps_loss-0pct_corr-0pct_q83/bbrv3/bbrv3_10ms_0ms_50mbps_0_0_trial1.json,.meta.json,46.85967240505633,0.9371934481011266,1054343168.0,180.000092,428.0,2.377776562469757,,,,,180,3.00005
20260509_163006,delay,case01_delay-10ms_jitter-0ms_rate-50mbps_loss-0pct_corr-0pct_q83,,bbrv3,bbr,2,10.0,0.0,50.0,0.0,0.0,83,/Users/Rohin/Desktop/courses/EE122/EE-122-simulation/Final Test Outputs/delay/case01_delay-10ms_jitter-0ms_rate-50mbps_loss-0pct_corr-0pct_q83/bbrv3/bbrv3_10ms_0ms_50mbps_0_0_trial2.json,.meta.json,46.85972577305007,0.9371945154610014,1054343168.0,179.999887,64.0,0.3555557787655722,,,,,180,3.000129
20260509_163006,delay,case01_delay-10ms_jitter-0ms_rate-50mbps_loss-0pct_corr-0pct_q83,,bbrv3,bbr,3,10.0,0.0,50.0,0.0,0.0,83,/Users/Rohin/Desktop/courses/EE122/EE-122-simulation/Final Test Outputs/delay/case01_delay-10ms_jitter-0ms_rate-50mbps_loss-0pct_corr-0pct_q83/bbrv3/bbrv3_10ms_0ms_50mbps_0_0_trial3.json,.meta.json,46.85968620262354,0.9371937240524708,1054343168.0,180.000039,778.0,4.322221285740944,,,,,180,3.000048
20260509_163006,delay,case01_delay-10ms_jitter-0ms_rate-50mbps_loss-0pct_corr-0pct_q83,,bbrv3,bbr,4,10.0,0.0,50.0,0.0,0.0,83,/Users/Rohin/Desktop/courses/EE122/EE-122-simulation/Final Test Outputs/delay/case01_delay-10ms_jitter-0ms_rate-50mbps_loss-0pct_corr-0pct_q83/bbrv3/bbrv3_10ms_0ms_50mbps_0_0_trial4.json,.meta.json,46.859942890921765,0.9371988578184353,1054343168.0,179.999053,1058.0,5.877808701582446,,,,,180,3.0002
20260509_163006,delay,case01_delay-10ms_jitter-0ms_rate-50mbps_loss-0pct_corr-0pct_q83,,bbrv3,bbr,5,10.0,0.0,50.0,0.0,0.0,83,/Users/Rohin/Desktop/courses/EE122/EE-122-simulation/Final Test Outputs/delay/case01_delay-10ms_jitter-0ms_rate-50mbps_loss-0pct_corr-0pct_q83/bbrv3/bbrv3_10ms_0ms_50mbps_0_0_trial5.json,.meta.json,46.84201346356283,0.9368402692712565,1053949952.0,180.000794,461.0,2.5610998138152654,,,,,180,3.000123
20260509_163006,delay,case01_delay-10ms_jitter-0ms_rate-50mbps_loss-0pct_corr-0pct_q83,,cubic,cubic,1,10.0,0.0,50.0,0.0,0.0,83,/Users/Rohin/Desktop/courses/EE122/EE-122-simulation/Final Test Outputs/delay/case01_delay-10ms_jitter-0ms_rate-50mbps_loss-0pct_corr-0pct_q83/cubic/cubic_10ms_0ms_50mbps_0_0_trial1.json,.meta.json,47.82087694163068,0.9564175388326136,1075970048.0,180.000053,227.0,1.26111073978406,,,,,180,1.000183
20260509_163006,delay,case01_delay-10ms_jitter-0ms_rate-50mbps_loss-0pct_corr-0pct_q83,,cubic,cubic,2,10.0,0.0,50.0,0.0,0.0,83,/Users/Rohin/Desktop/courses/EE122/EE-122-simulation/Final Test Outputs/delay/case01_delay-10ms_jitter-0ms_rate-50mbps_loss-0pct_corr-0pct_q83/cubic/cubic_10ms_0ms_50mbps_0_0_trial2.json,.meta.json,47.82091918343018,0.9564183836686035,1075970048.0,179.999894,225.0,1.2500007361115446,,,,,180,1.000147
20260509_163006,delay,case01_delay-10ms_jitter-0ms_rate-50mbps_loss-0pct_corr-0pct_q83,,cubic,cubic,3,10.0,0.0,50.0,0.0,0.0,83,/Users/Rohin/Desktop/courses/EE122/EE-122-simulation/Final Test Outputs/delay/case01_delay-10ms_jitter-0ms_rate-50mbps_loss-0pct_corr-0pct_q83/cubic/cubic_10ms_0ms_50mbps_0_0_trial3.json,.meta.json,47.82091201028916,0.9564182402057833,1075970048.0,179.999921,224.0,1.2444449906175237,,,,,180,1.000193
20260509_163006,delay,case01_delay-10ms_jitter-0ms_rate-50mbps_loss-0pct_corr-0pct_q83,,cubic,cubic,4,10.0,0.0,50.0,0.0,0.0,83,/Users/Rohin/Desktop/courses/EE122/EE-122-simulation/Final Test Outputs/delay/case01_delay-10ms_jitter-0ms_rate-50mbps_loss-0pct_corr-0pct_q83/cubic/cubic_10ms_0ms_50mbps_0_0_trial4.json,.meta.json,47.820901383417514,0.9564180276683503,1075970048.0,179.999961,233.0,1.294444724907468,,,,,180,1.000179
20260509_163006,delay,case01_delay-10ms_jitter-0ms_rate-50mbps_loss-0pct_corr-0pct_q83,,cubic,cubic,5,10.0,0.0,50.0,0.0,0.0,83,/Users/Rohin/Desktop/courses/EE122/EE-122-simulation/Final Test Outputs/delay/case01_delay-10ms_jitter-0ms_rate-50mbps_loss-0pct_corr-0pct_q83/cubic/cubic_10ms_0ms_50mbps_0_0_trial5.json,.meta.json,47.820943359588014,0.9564188671917603,1075970048.0,179.999803,223.0,1.2388902447854344,,,,,180,1.001013
20260509_163006,delay,case01_delay-10ms_jitter-0ms_rate-50mbps_loss-0pct_corr-0pct_q83,,reno,reno,1,10.0,0.0,50.0,0.0,0.0,83,/Users/Rohin/Desktop/courses/EE122/EE-122-simulation/Final Test Outputs/delay/case01_delay-10ms_jitter-0ms_rate-50mbps_loss-0pct_corr-0pct_q83/reno/reno_10ms_0ms_50mbps_0_0_trial1.json,.meta.json,47.448038694379356,0.9489607738875872,1067581440.0,180.000096,420.0,2.3333320888895526,,,,,180,1.000056
20260509_163006,delay,case01_delay-10ms_jitter-0ms_rate-50mbps_loss-0pct_corr-0pct_q83,,reno,reno,2,10.0,0.0,50.0,0.0,0.0,83,/Users/Rohin/Desktop/courses/EE122/EE-122-simulation/Final Test Outputs/delay/case01_delay-10ms_jitter-0ms_rate-50mbps_loss-0pct_corr-0pct_q83/reno/reno_10ms_0ms_50mbps_0_0_trial2.json,.meta.json,47.45368247144033,0.9490736494288066,1067712512.0,180.000785,408.0,2.2666567815245915,,,,,180,1.000079
20260509_163006,delay,case01_delay-10ms_jitter-0ms_rate-50mbps_loss-0pct_corr-0pct_q83,,reno,reno,3,10.0,0.0,50.0,0.0,0.0,83,/Users/Rohin/Desktop/courses/EE122/EE-122-simulation/Final Test Outputs/delay/case01_delay-10ms_jitter-0ms_rate-50mbps_loss-0pct_corr-0pct_q83/reno/reno_10ms_0ms_50mbps_0_0_trial3.json,.meta.json,47.459689005280424,0.9491937801056085,1067843584.0,180.000098,406.0,2.2555543275315326,,,,,180,1.000127
20260509_163006,delay,case01_delay-10ms_jitter-0ms_rate-50mbps_loss-0pct_corr-0pct_q83,,reno,reno,4,10.0,0.0,50.0,0.0,0.0,83,/Users/Rohin/Desktop/courses/EE122/EE-122-simulation/Final Test Outputs/delay/case01_delay-10ms_jitter-0ms_rate-50mbps_loss-0pct_corr-0pct_q83/reno/reno_10ms_0ms_50mbps_0_0_trial4.json,.meta.json,47.47136700753797,0.9494273401507595,1068105728.0,179.999995,418.0,2.3222222867283966,,,,,180,1.000217
20260509_163006,delay,case01_delay-10ms_jitter-0ms_rate-50mbps_loss-0pct_corr-0pct_q83,,reno,reno,5,10.0,0.0,50.0,0.0,0.0,83,/Users/Rohin/Desktop/courses/EE122/EE-122-simulation/Final Test Outputs/delay/case01_delay-10ms_jitter-0ms_rate-50mbps_loss-0pct_corr-0pct_q83/reno/reno_10ms_0ms_50mbps_0_0_trial5.json,.meta.json,47.448075334818,0.94896150669636,1067581440.0,179.999957,403.0,2.2388894237346957,,,,,180,1.000002
20260509_163006,delay,case01_delay-10ms_jitter-0ms_rate-50mbps_loss-0pct_corr-0pct_q83,,vegas,vegas,1,10.0,0.0,50.0,0.0,0.0,83,/Users/Rohin/Desktop/courses/EE122/EE-122-simulation/Final Test Outputs/delay/case01_delay-10ms_jitter-0ms_rate-50mbps_loss-0pct_corr-0pct_q83/vegas/vegas_10ms_0ms_50mbps_0_0_trial1.json,.meta.json,47.809250270841716,0.9561850054168343,1075707904.0,179.999962,0.0,0.0,,,,,180,1.000067
20260509_163006,delay,case01_delay-10ms_jitter-0ms_rate-50mbps_loss-0pct_corr-0pct_q83,,vegas,vegas,2,10.0,0.0,50.0,0.0,0.0,83,/Users/Rohin/Desktop/courses/EE122/EE-122-simulation/Final Test Outputs/delay/case01_delay-10ms_jitter-0ms_rate-50mbps_loss-0pct_corr-0pct_q83/vegas/vegas_10ms_0ms_50mbps_0_0_trial2.json,.meta.json,47.809234068820096,0.9561846813764019,1075707904.0,180.000023,0.0,0.0,,,,,180,1.0002
20260509_163006,delay,case01_delay-10ms_jitter-0ms_rate-50mbps_loss-0pct_corr-0pct_q83,,vegas,vegas,3,10.0,0.0,50.0,0.0,0.0,83,/Users/Rohin/Desktop/courses/EE122/EE-122-simulation/Final Test Outputs/delay/case01_delay-10ms_jitter-0ms_rate-50mbps_loss-0pct_corr-0pct_q83/vegas/vegas_10ms_0ms_50mbps_0_0_trial3.json,.meta.json,44.2676001319762,0.8853520026395241,996016128.0,179.999119,0.0,0.0,,,,,180,1.001027
20260509_163006,delay,case01_delay-10ms_jitter-0ms_rate-50mbps_loss-0pct_corr-0pct_q83,,vegas,vegas,4,10.0,0.0,50.0,0.0,0.0,83,/Users/Rohin/Desktop/courses/EE122/EE-122-simulation/Final Test Outputs/delay/case01_delay-10ms_jitter-0ms_rate-50mbps_loss-0pct_corr-0pct_q83/vegas/vegas_10ms_0ms_50mbps_0_0_trial4.json,.meta.json,47.81508260091827,0.9563016520183654,1075838976.0,179.999936,0.0,0.0,,,,,180,1.000182
20260509_163006,delay,case01_delay-10ms_jitter-0ms_rate-50mbps_loss-0pct_corr-0pct_q83,,vegas,vegas,5,10.0,0.0,50.0,0.0,0.0,83,/Users/Rohin/Desktop/courses/EE122/EE-122-simulation/Final Test Outputs/delay/case01_delay-10ms_jitter-0ms_rate-50mbps_loss-0pct_corr-0pct_q83/vegas/vegas_10ms_0ms_50mbps_0_0_trial5.json,.meta.json,47.80919449343637,0.9561838898687275,1075707904.0,180.000172,0.0,0.0,,,,,180,1.000177
20260509_163006,delay,case02_delay-20ms_jitter-0ms_rate-50mbps_loss-0pct_corr-0pct_q167,,bbrv3,bbr,1,20.0,0.0,50.0,0.0,0.0,167,/Users/Rohin/Desktop/courses/EE122/EE-122-simulation/Final Test Outputs/delay/case02_delay-20ms_jitter-0ms_rate-50mbps_loss-0pct_corr-0pct_q167/bbrv3/bbrv3_20ms_0ms_50mbps_0_0_trial1.json,.meta.json,46.74299210991083,0.9348598421982166,1051721728.0,180.000754,135.0,0.7499968583464933,,,,,180,3.000145
20260509_163006,delay,case02_delay-20ms_jitter-0ms_rate-50mbps_loss-0pct_corr-0pct_q167,,bbrv3,bbr,2,20.0,0.0,50.0,0.0,0.0,167,/Users/Rohin/Desktop/courses/EE122/EE-122-simulation/Final Test Outputs/delay/case02_delay-20ms_jitter-0ms_rate-50mbps_loss-0pct_corr-0pct_q167/bbrv3/bbrv3_20ms_0ms_50mbps_0_0_trial2.json,.meta.json,46.7431733687905,0.93486346737581,1051721728.0,180.000056,72.0,0.3999998755555943,,,,,180,3.000224
20260509_163006,delay,case02_delay-20ms_jitter-0ms_rate-50mbps_loss-0pct_corr-0pct_q167,,bbrv3,bbr,3,20.0,0.0,50.0,0.0,0.0,167,/Users/Rohin/Desktop/courses/EE122/EE-122-simulation/Final Test Outputs/delay/case02_delay-20ms_jitter-0ms_rate-50mbps_loss-0pct_corr-0pct_q167/bbrv3/bbrv3_20ms_0ms_50mbps_0_0_trial3.json,.meta.json,46.72570852939721,0.9345141705879442,1051328512.0,180.000012,73.0,0.40555552851852034,,,,,180,3.000232
20260509_163006,delay,case02_delay-20ms_jitter-0ms_rate-50mbps_loss-0pct_corr-0pct_q167,,bbrv3,bbr,4,20.0,0.0,50.0,0.0,0.0,167,/Users/Rohin/Desktop/courses/EE122/EE-122-simulation/Final Test Outputs/delay/case02_delay-20ms_jitter-0ms_rate-50mbps_loss-0pct_corr-0pct_q167/bbrv3/bbrv3_20ms_0ms_50mbps_0_0_trial4.json,.meta.json,46.74319024827062,0.9348638049654124,1051721728.0,179.999991,172.0,0.9555556033333358,,,,,180,3.000185
20260509_163006,delay,case02_delay-20ms_jitter-0ms_rate-50mbps_loss-0pct_corr-0pct_q167,,bbrv3,bbr,5,20.0,0.0,50.0,0.0,0.0,167,/Users/Rohin/Desktop/courses/EE122/EE-122-simulation/Final Test Outputs/delay/case02_delay-20ms_jitter-0ms_rate-50mbps_loss-0pct_corr-0pct_q167/bbrv3/bbrv3_20ms_0ms_50mbps_0_0_trial5.json,.meta.json,46.749273311236585,0.9349854662247317,1051852800.0,179.998999,14.0,0.07777821031104734,,,,,180,3.000008
20260509_163006,delay,case02_delay-20ms_jitter-0ms_rate-50mbps_loss-0pct_corr-0pct_q167,,cubic,cubic,1,20.0,0.0,50.0,0.0,0.0,167,/Users/Rohin/Desktop/courses/EE122/EE-122-simulation/Final Test Outputs/delay/case02_delay-20ms_jitter-0ms_rate-50mbps_loss-0pct_corr-0pct_q167/cubic/cubic_20ms_0ms_50mbps_0_0_trial1.json,.meta.json,47.82091386999218,0.9564182773998436,1075970048.0,179.999914,57.0,0.31666681796303525,,,,,180,1.000173
20260509_163006,delay,case02_delay-20ms_jitter-0ms_rate-50mbps_loss-0pct_corr-0pct_q167,,cubic,cubic,2,20.0,0.0,50.0,0.0,0.0,167,/Users/Rohin/Desktop/courses/EE122/EE-122-simulation/Final Test Outputs/delay/case02_delay-20ms_jitter-0ms_rate-50mbps_loss-0pct_corr-0pct_q167/cubic/cubic_20ms_0ms_50mbps_0_0_trial2.json,.meta.json,47.826758691414625,0.9565351738282925,1076101120.0,179.999841,61.0,0.33888918824100517,,,,,180,1.000236
20260509_163006,delay,case02_delay-20ms_jitter-0ms_rate-50mbps_loss-0pct_corr-0pct_q167,,cubic,cubic,3,20.0,0.0,50.0,0.0,0.0,167,/Users/Rohin/Desktop/courses/EE122/EE-122-simulation/Final Test Outputs/delay/case02_delay-20ms_jitter-0ms_rate-50mbps_loss-0pct_corr-0pct_q167/cubic/cubic_20ms_0ms_50mbps_0_0_trial3.json,.meta.json,47.820925293885345,0.9564185058777069,1075970048.0,179.999871,57.0,0.31666689361127376,,,,,180,1.000189
20260509_163006,delay,case02_delay-20ms_jitter-0ms_rate-50mbps_loss-0pct_corr-0pct_q167,,cubic,cubic,4,20.0,0.0,50.0,0.0,0.0,167,/Users/Rohin/Desktop/courses/EE122/EE-122-simulation/Final Test Outputs/delay/case02_delay-20ms_jitter-0ms_rate-50mbps_loss-0pct_corr-0pct_q167/cubic/cubic_20ms_0ms_50mbps_0_0_trial4.json,.meta.json,47.82093167001414,0.9564186334002828,1075970048.0,179.999847,62.0,0.3444447372224711,,,,,180,1.000181
20260509_163006,delay,case02_delay-20ms_jitter-0ms_rate-50mbps_loss-0pct_corr-0pct_q167,,cubic,cubic,5,20.0,0.0,50.0,0.0,0.0,167,/Users/Rohin/Desktop/courses/EE122/EE-122-simulation/Final Test Outputs/delay/case02_delay-20ms_jitter-0ms_rate-50mbps_loss-0pct_corr-0pct_q167/cubic/cubic_20ms_0ms_50mbps_0_0_trial5.json,.meta.json,47.8211078112443,0.956422156224886,1075970048.0,179.999184,56.0,0.31111252148787516,,,,,180,1.001014
20260509_163006,delay,case02_delay-20ms_jitter-0ms_rate-50mbps_loss-0pct_corr-0pct_q167,,reno,reno,1,20.0,0.0,50.0,0.0,0.0,167,/Users/Rohin/Desktop/courses/EE122/EE-122-simulation/Final Test Outputs/delay/case02_delay-20ms_jitter-0ms_rate-50mbps_loss-0pct_corr-0pct_q167/reno/reno_20ms_0ms_50mbps_0_0_trial1.json,.meta.json,47.727946770373904,0.954558935407478,1073872896.0,179.99901,118.0,0.6555591611309418,,,,,180,1.000119
20260509_163006,delay,case02_delay-20ms_jitter-0ms_rate-50mbps_loss-0pct_corr-0pct_q167,,reno,reno,2,20.0,0.0,50.0,0.0,0.0,167,/Users/Rohin/Desktop/courses/EE122/EE-122-simulation/Final Test Outputs/delay/case02_delay-20ms_jitter-0ms_rate-50mbps_loss-0pct_corr-0pct_q167/reno/reno_20ms_0ms_50mbps_0_0_trial2.json,.meta.json,47.72751695520445,0.954550339104089,1073872896.0,180.000631,120.0,0.6666643296378222,,,,,180,1.000126
20260509_163006,delay,case02_delay-20ms_jitter-0ms_rate-50mbps_loss-0pct_corr-0pct_q167,,reno,reno,3,20.0,0.0,50.0,0.0,0.0,167,/Users/Rohin/Desktop/courses/EE122/EE-122-simulation/Final Test Outputs/delay/case02_delay-20ms_jitter-0ms_rate-50mbps_loss-0pct_corr-0pct_q167/reno/reno_20ms_0ms_50mbps_0_0_trial3.json,.meta.json,47.72770362290202,0.9545540724580404,1073872896.0,179.999927,115.0,0.6388891479939321,,,,,180,1.000172
20260509_163006,delay,case02_delay-20ms_jitter-0ms_rate-50mbps_loss-0pct_corr-0pct_q167,,reno,reno,4,20.0,0.0,50.0,0.0,0.0,167,/Users/Rohin/Desktop/courses/EE122/EE-122-simulation/Final Test Outputs/delay/case02_delay-20ms_jitter-0ms_rate-50mbps_loss-0pct_corr-0pct_q167/reno/reno_20ms_0ms_50mbps_0_0_trial4.json,.meta.json,47.7277126381403,0.9545542527628059,1073872896.0,179.999893,113.0,0.6277781509570121,,,,,180,1.000193
20260509_163006,delay,case02_delay-20ms_jitter-0ms_rate-50mbps_loss-0pct_corr-0pct_q167,,reno,reno,5,20.0,0.0,50.0,0.0,0.0,167,/Users/Rohin/Desktop/courses/EE122/EE-122-simulation/Final Test Outputs/delay/case02_delay-20ms_jitter-0ms_rate-50mbps_loss-0pct_corr-0pct_q167/reno/reno_20ms_0ms_50mbps_0_0_trial5.json,.meta.json,47.73348290510126,0.9546696581020252,1074003968.0,180.000101,109.0,0.6055552157717956,,,,,180,1.000148
20260509_163006,delay,case02_delay-20ms_jitter-0ms_rate-50mbps_loss-0pct_corr-0pct_q167,,vegas,vegas,1,20.0,0.0,50.0,0.0,0.0,167,/Users/Rohin/Desktop/courses/EE122/EE-122-simulation/Final Test Outputs/delay/case02_delay-20ms_jitter-0ms_rate-50mbps_loss-0pct_corr-0pct_q167/vegas/vegas_20ms_0ms_50mbps_0_0_trial1.json,.meta.json,47.81504275503512,0.9563008551007024,1075838976.0,180.000086,0.0,0.0,,,,,180,1.000201
20260509_163006,delay,case02_delay-20ms_jitter-0ms_rate-50mbps_loss-0pct_corr-0pct_q167,,vegas,vegas,2,20.0,0.0,50.0,0.0,0.0,167,/Users/Rohin/Desktop/courses/EE122/EE-122-simulation/Final Test Outputs/delay/case02_delay-20ms_jitter-0ms_rate-50mbps_loss-0pct_corr-0pct_q167/vegas/vegas_20ms_0ms_50mbps_0_0_trial2.json,.meta.json,47.81506825639268,0.9563013651278536,1075838976.0,179.99999,0.0,0.0,,,,,180,1.000171
20260509_163006,delay,case02_delay-20ms_jitter-0ms_rate-50mbps_loss-0pct_corr-0pct_q167,,vegas,vegas,3,20.0,0.0,50.0,0.0,0.0,167,/Users/Rohin/Desktop/courses/EE122/EE-122-simulation/Final Test Outputs/delay/case02_delay-20ms_jitter-0ms_rate-50mbps_loss-0pct_corr-0pct_q167/vegas/vegas_20ms_0ms_50mbps_0_0_trial3.json,.meta.json,47.80926966016074,0.9561853932032147,1075707904.0,179.999889,0.0,0.0,,,,,180,1.000174
20260509_163006,delay,case02_delay-20ms_jitter-0ms_rate-50mbps_loss-0pct_corr-0pct_q167,,vegas,vegas,4,20.0,0.0,50.0,0.0,0.0,167,/Users/Rohin/Desktop/courses/EE122/EE-122-simulation/Final Test Outputs/delay/case02_delay-20ms_jitter-0ms_rate-50mbps_loss-0pct_corr-0pct_q167/vegas/vegas_20ms_0ms_50mbps_0_0_trial4.json,.meta.json,47.81510836795804,0.9563021673591607,1075838976.0,179.999839,0.0,0.0,,,,,180,1.000189
20260509_163006,delay,case02_delay-20ms_jitter-0ms_rate-50mbps_loss-0pct_corr-0pct_q167,,vegas,vegas,5,20.0,0.0,50.0,0.0,0.0,167,/Users/Rohin/Desktop/courses/EE122/EE-122-simulation/Final Test Outputs/delay/case02_delay-20ms_jitter-0ms_rate-50mbps_loss-0pct_corr-0pct_q167/vegas/vegas_20ms_0ms_50mbps_0_0_trial5.json,.meta.json,47.815080475802816,0.9563016095160564,1075838976.0,179.999944,0.0,0.0,,,,,180,1.000166
20260509_163006,delay,case03_delay-50ms_jitter-0ms_rate-50mbps_loss-0pct_corr-0pct_q417,,bbrv3,bbr,1,50.0,0.0,50.0,0.0,0.0,417,/Users/Rohin/Desktop/courses/EE122/EE-122-simulation/Final Test Outputs/delay/case03_delay-50ms_jitter-0ms_rate-50mbps_loss-0pct_corr-0pct_q417/bbrv3/bbrv3_50ms_0ms_50mbps_0_0_trial1.json,.meta.json,47.057815350463386,0.9411563070092677,1058799616.0,179.999791,0.0,0.0,,,,,180,3.000013
20260509_163006,delay,case03_delay-50ms_jitter-0ms_rate-50mbps_loss-0pct_corr-0pct_q417,,bbrv3,bbr,2,50.0,0.0,50.0,0.0,0.0,417,/Users/Rohin/Desktop/courses/EE122/EE-122-simulation/Final Test Outputs/delay/case03_delay-50ms_jitter-0ms_rate-50mbps_loss-0pct_corr-0pct_q417/bbrv3/bbrv3_50ms_0ms_50mbps_0_0_trial2.json,.meta.json,47.0519812952706,0.941039625905412,1058668544.0,179.999824,0.0,0.0,,,,,180,1.000197
20260509_163006,delay,case03_delay-50ms_jitter-0ms_rate-50mbps_loss-0pct_corr-0pct_q417,,bbrv3,bbr,3,50.0,0.0,50.0,0.0,0.0,417,/Users/Rohin/Desktop/courses/EE122/EE-122-simulation/Final Test Outputs/delay/case03_delay-50ms_jitter-0ms_rate-50mbps_loss-0pct_corr-0pct_q417/bbrv3/bbrv3_50ms_0ms_50mbps_0_0_trial3.json,.meta.json,47.191725759003155,0.9438345151800631,1061814272.0,180.000075,0.0,0.0,,,,,180,1.000179
20260509_163006,delay,case03_delay-50ms_jitter-0ms_rate-50mbps_loss-0pct_corr-0pct_q417,,bbrv3,bbr,4,50.0,0.0,50.0,0.0,0.0,417,/Users/Rohin/Desktop/courses/EE122/EE-122-simulation/Final Test Outputs/delay/case03_delay-50ms_jitter-0ms_rate-50mbps_loss-0pct_corr-0pct_q417/bbrv3/bbrv3_50ms_0ms_50mbps_0_0_trial4.json,.meta.json,47.12182203040255,0.942436440608051,1060241408.0,180.00007,0.0,0.0,,,,,180,3.000079
20260509_163006,delay,case03_delay-50ms_jitter-0ms_rate-50mbps_loss-0pct_corr-0pct_q417,,bbrv3,bbr,5,50.0,0.0,50.0,0.0,0.0,417,/Users/Rohin/Desktop/courses/EE122/EE-122-simulation/Final Test Outputs/delay/case03_delay-50ms_jitter-0ms_rate-50mbps_loss-0pct_corr-0pct_q417/bbrv3/bbrv3_50ms_0ms_50mbps_0_0_trial5.json,.meta.json,47.12205685522788,0.9424411371045577,1060241408.0,179.999173,0.0,0.0,,,,,180,1.00007
20260509_163006,delay,case03_delay-50ms_jitter-0ms_rate-50mbps_loss-0pct_corr-0pct_q417,,cubic,cubic,1,50.0,0.0,50.0,0.0,0.0,417,/Users/Rohin/Desktop/courses/EE122/EE-122-simulation/Final Test Outputs/delay/case03_delay-50ms_jitter-0ms_rate-50mbps_loss-0pct_corr-0pct_q417/cubic/cubic_50ms_0ms_50mbps_0_0_trial1.json,.meta.json,47.820887037148296,0.9564177407429659,1075970048.0,180.000015,52.0,0.28888886481481685,,,,,180,1.000166
20260509_163006,delay,case03_delay-50ms_jitter-0ms_rate-50mbps_loss-0pct_corr-0pct_q417,,cubic,cubic,2,50.0,0.0,50.0,0.0,0.0,417,/Users/Rohin/Desktop/courses/EE122/EE-122-simulation/Final Test Outputs/delay/case03_delay-50ms_jitter-0ms_rate-50mbps_loss-0pct_corr-0pct_q417/cubic/cubic_50ms_0ms_50mbps_0_0_trial2.json,.meta.json,47.815296972909245,0.9563059394581849,1075838976.0,179.999129,60.0,0.33333494630410127,,,,,180,1.001007
20260509_163006,delay,case03_delay-50ms_jitter-0ms_rate-50mbps_loss-0pct_corr-0pct_q417,,cubic,cubic,3,50.0,0.0,50.0,0.0,0.0,417,/Users/Rohin/Desktop/courses/EE122/EE-122-simulation/Final Test Outputs/delay/case03_delay-50ms_jitter-0ms_rate-50mbps_loss-0pct_corr-0pct_q417/cubic/cubic_50ms_0ms_50mbps_0_0_trial3.json,.meta.json,47.82090032073062,0.9564180064146125,1075970048.0,179.999965,58.0,0.3222222848765554,,,,,180,1.000156
20260509_163006,delay,case03_delay-50ms_jitter-0ms_rate-50mbps_loss-0pct_corr-0pct_q417,,cubic,cubic,4,50.0,0.0,50.0,0.0,0.0,417,/Users/Rohin/Desktop/courses/EE122/EE-122-simulation/Final Test Outputs/delay/case03_delay-50ms_jitter-0ms_rate-50mbps_loss-0pct_corr-0pct_q417/cubic/cubic_50ms_0ms_50mbps_0_0_trial4.json,.meta.json,47.82093671778397,0.9564187343556795,1075970048.0,179.999828,57.0,0.3166669692595484,,,,,180,1.000167
20260509_163006,delay,case03_delay-50ms_jitter-0ms_rate-50mbps_loss-0pct_corr-0pct_q417,,cubic,cubic,5,50.0,0.0,50.0,0.0,0.0,417,/Users/Rohin/Desktop/courses/EE122/EE-122-simulation/Final Test Outputs/delay/case03_delay-50ms_jitter-0ms_rate-50mbps_loss-0pct_corr-0pct_q417/cubic/cubic_50ms_0ms_50mbps_0_0_trial5.json,.meta.json,47.82085010882824,0.9564170021765648,1075970048.0,180.000154,60.0,0.3333330481483921,,,,,180,1.000136
20260509_163006,delay,case03_delay-50ms_jitter-0ms_rate-50mbps_loss-0pct_corr-0pct_q417,,reno,reno,1,50.0,0.0,50.0,0.0,0.0,417,/Users/Rohin/Desktop/courses/EE122/EE-122-simulation/Final Test Outputs/delay/case03_delay-50ms_jitter-0ms_rate-50mbps_loss-0pct_corr-0pct_q417/reno/reno_50ms_0ms_50mbps_0_0_trial1.json,.meta.json,47.785932648386,0.9557186529677201,1075183616.0,180.000022,18.0,0.09999998777777927,,,,,180,1.000099
20260509_163006,delay,case03_delay-50ms_jitter-0ms_rate-50mbps_loss-0pct_corr-0pct_q417,,reno,reno,2,50.0,0.0,50.0,0.0,0.0,417,/Users/Rohin/Desktop/courses/EE122/EE-122-simulation/Final Test Outputs/delay/case03_delay-50ms_jitter-0ms_rate-50mbps_loss-0pct_corr-0pct_q417/reno/reno_50ms_0ms_50mbps_0_0_trial2.json,.meta.json,47.792011367525525,0.9558402273505106,1075314688.0,179.999068,21.0,0.11666727074386853,,,,,180,1.001024
20260509_163006,delay,case03_delay-50ms_jitter-0ms_rate-50mbps_loss-0pct_corr-0pct_q417,,reno,reno,3,50.0,0.0,50.0,0.0,0.0,417,/Users/Rohin/Desktop/courses/EE122/EE-122-simulation/Final Test Outputs/delay/case03_delay-50ms_jitter-0ms_rate-50mbps_loss-0pct_corr-0pct_q417/reno/reno_50ms_0ms_50mbps_0_0_trial3.json,.meta.json,47.79732087171443,0.9559464174342887,1075445760.0,180.001011,21.0,0.11666601139256934,,,,,180,1.000224
20260509_163006,delay,case03_delay-50ms_jitter-0ms_rate-50mbps_loss-0pct_corr-0pct_q417,,reno,reno,4,50.0,0.0,50.0,0.0,0.0,417,/Users/Rohin/Desktop/courses/EE122/EE-122-simulation/Final Test Outputs/delay/case03_delay-50ms_jitter-0ms_rate-50mbps_loss-0pct_corr-0pct_q417/reno/reno_50ms_0ms_50mbps_0_0_trial4.json,.meta.json,47.80344290647193,0.9560688581294385,1075576832.0,179.999894,23.0,0.12777785302473565,,,,,180,1.00006
20260509_163006,delay,case03_delay-50ms_jitter-0ms_rate-50mbps_loss-0pct_corr-0pct_q417,,reno,reno,5,50.0,0.0,50.0,0.0,0.0,417,/Users/Rohin/Desktop/courses/EE122/EE-122-simulation/Final Test Outputs/delay/case03_delay-50ms_jitter-0ms_rate-50mbps_loss-0pct_corr-0pct_q417/reno/reno_50ms_0ms_50mbps_0_0_trial5.json,.meta.json,47.79177585905508,0.9558355171811016,1075314688.0,179.999955,19.0,0.10555558194445104,,,,,180,1.000184
20260509_163006,delay,case03_delay-50ms_jitter-0ms_rate-50mbps_loss-0pct_corr-0pct_q417,,vegas,vegas,1,50.0,0.0,50.0,0.0,0.0,417,/Users/Rohin/Desktop/courses/EE122/EE-122-simulation/Final Test Outputs/delay/case03_delay-50ms_jitter-0ms_rate-50mbps_loss-0pct_corr-0pct_q417/vegas/vegas_50ms_0ms_50mbps_0_0_trial1.json,.meta.json,47.80924097459846,0.9561848194919692,1075707904.0,179.999997,0.0,0.0,,,,,180,1.000172
20260509_163006,delay,case03_delay-50ms_jitter-0ms_rate-50mbps_loss-0pct_corr-0pct_q417,,vegas,vegas,2,50.0,0.0,50.0,0.0,0.0,417,/Users/Rohin/Desktop/courses/EE122/EE-122-simulation/Final Test Outputs/delay/case03_delay-50ms_jitter-0ms_rate-50mbps_loss-0pct_corr-0pct_q417/vegas/vegas_50ms_0ms_50mbps_0_0_trial2.json,.meta.json,47.81504062992323,0.9563008125984647,1075838976.0,180.000094,0.0,0.0,,,,,180,1.000174
20260509_163006,delay,case03_delay-50ms_jitter-0ms_rate-50mbps_loss-0pct_corr-0pct_q417,,vegas,vegas,3,50.0,0.0,50.0,0.0,0.0,417,/Users/Rohin/Desktop/courses/EE122/EE-122-simulation/Final Test Outputs/delay/case03_delay-50ms_jitter-0ms_rate-50mbps_loss-0pct_corr-0pct_q417/vegas/vegas_50ms_0ms_50mbps_0_0_trial3.json,.meta.json,47.81522949998112,0.9563045899996224,1075838976.0,179.999383,0.0,0.0,,,,,180,1.000104
20260509_163006,delay,case03_delay-50ms_jitter-0ms_rate-50mbps_loss-0pct_corr-0pct_q417,,vegas,vegas,4,50.0,0.0,50.0,0.0,0.0,417,/Users/Rohin/Desktop/courses/EE122/EE-122-simulation/Final Test Outputs/delay/case03_delay-50ms_jitter-0ms_rate-50mbps_loss-0pct_corr-0pct_q417/vegas/vegas_50ms_0ms_50mbps_0_0_trial4.json,.meta.json,47.80930047061781,0.9561860094123563,1075707904.0,179.999773,0.0,0.0,,,,,180,1.000165
20260509_163006,delay,case03_delay-50ms_jitter-0ms_rate-50mbps_loss-0pct_corr-0pct_q417,,vegas,vegas,5,50.0,0.0,50.0,0.0,0.0,417,/Users/Rohin/Desktop/courses/EE122/EE-122-simulation/Final Test Outputs/delay/case03_delay-50ms_jitter-0ms_rate-50mbps_loss-0pct_corr-0pct_q417/vegas/vegas_50ms_0ms_50mbps_0_0_trial5.json,.meta.json,47.81508366347605,0.9563016732695211,1075838976.0,179.999932,0.0,0.0,,,,,180,1.000201
20260509_163006,delay,case04_delay-100ms_jitter-0ms_rate-50mbps_loss-0pct_corr-0pct_q833,,bbrv3,bbr,1,100.0,0.0,50.0,0.0,0.0,833,/Users/Rohin/Desktop/courses/EE122/EE-122-simulation/Final Test Outputs/delay/case04_delay-100ms_jitter-0ms_rate-50mbps_loss-0pct_corr-0pct_q833/bbrv3/bbrv3_100ms_0ms_50mbps_0_0_trial1.json,.meta.json,46.64436174593104,0.9328872349186209,1049493504.0,179.999205,0.0,0.0,,,,,180,1.000992
20260509_163006,delay,case04_delay-100ms_jitter-0ms_rate-50mbps_loss-0pct_corr-0pct_q833,,bbrv3,bbr,2,100.0,0.0,50.0,0.0,0.0,833,/Users/Rohin/Desktop/courses/EE122/EE-122-simulation/Final Test Outputs/delay/case04_delay-100ms_jitter-0ms_rate-50mbps_loss-0pct_corr-0pct_q833/bbrv3/bbrv3_100ms_0ms_50mbps_0_0_trial2.json,.meta.json,46.70168763612012,0.9340337527224024,1050804224.0,180.002784,0.0,0.0,,,,,180,1.000211
20260509_163006,delay,case04_delay-100ms_jitter-0ms_rate-50mbps_loss-0pct_corr-0pct_q833,,bbrv3,bbr,3,100.0,0.0,50.0,0.0,0.0,833,/Users/Rohin/Desktop/courses/EE122/EE-122-simulation/Final Test Outputs/delay/case04_delay-100ms_jitter-0ms_rate-50mbps_loss-0pct_corr-0pct_q833/bbrv3/bbrv3_100ms_0ms_50mbps_0_0_trial3.json,.meta.json,46.894663478339744,0.9378932695667949,1055129600.0,179.999944,0.0,0.0,,,,,180,1.000182
20260509_163006,delay,case04_delay-100ms_jitter-0ms_rate-50mbps_loss-0pct_corr-0pct_q833,,bbrv3,bbr,4,100.0,0.0,50.0,0.0,0.0,833,/Users/Rohin/Desktop/courses/EE122/EE-122-simulation/Final Test Outputs/delay/case04_delay-100ms_jitter-0ms_rate-50mbps_loss-0pct_corr-0pct_q833/bbrv3/bbrv3_100ms_0ms_50mbps_0_0_trial4.json,.meta.json,46.81965138765339,0.9363930277530678,1053425664.0,179.997182,0.0,0.0,,,,,180,2.000497
20260509_163006,delay,case04_delay-100ms_jitter-0ms_rate-50mbps_loss-0pct_corr-0pct_q833,,bbrv3,bbr,5,100.0,0.0,50.0,0.0,0.0,833,/Users/Rohin/Desktop/courses/EE122/EE-122-simulation/Final Test Outputs/delay/case04_delay-100ms_jitter-0ms_rate-50mbps_loss-0pct_corr-0pct_q833/bbrv3/bbrv3_100ms_0ms_50mbps_0_0_trial5.json,.meta.json,46.79560189250384,0.9359120378500768,1052901376.0,180.000057,0.0,0.0,,,,,180,1.000163
20260509_163006,delay,case04_delay-100ms_jitter-0ms_rate-50mbps_loss-0pct_corr-0pct_q833,,cubic,cubic,1,100.0,0.0,50.0,0.0,0.0,833,/Users/Rohin/Desktop/courses/EE122/EE-122-simulation/Final Test Outputs/delay/case04_delay-100ms_jitter-0ms_rate-50mbps_loss-0pct_corr-0pct_q833/cubic/cubic_100ms_0ms_50mbps_0_0_trial1.json,.meta.json,47.82091094760179,0.9564182189520358,1075970048.0,179.999925,134.0,0.7444447546297589,,,,,180,1.000174
20260509_163006,delay,case04_delay-100ms_jitter-0ms_rate-50mbps_loss-0pct_corr-0pct_q833,,cubic,cubic,2,100.0,0.0,50.0,0.0,0.0,833,/Users/Rohin/Desktop/courses/EE122/EE-122-simulation/Final Test Outputs/delay/case04_delay-100ms_jitter-0ms_rate-50mbps_loss-0pct_corr-0pct_q833/cubic/cubic_100ms_0ms_50mbps_0_0_trial2.json,.meta.json,47.820863658061356,0.9564172731612272,1075970048.0,180.000103,137.0,0.761110675586669,,,,,180,1.00016
20260509_163006,delay,case04_delay-100ms_jitter-0ms_rate-50mbps_loss-0pct_corr-0pct_q833,,cubic,cubic,3,100.0,0.0,50.0,0.0,0.0,833,/Users/Rohin/Desktop/courses/EE122/EE-122-simulation/Final Test Outputs/delay/case04_delay-100ms_jitter-0ms_rate-50mbps_loss-0pct_corr-0pct_q833/cubic/cubic_100ms_0ms_50mbps_0_0_trial3.json,.meta.json,47.87331609874208,0.9574663219748416,1077149696.0,180.000014,133.0,0.7388888314197576,,,,,180,1.000182
20260509_163006,delay,case04_delay-100ms_jitter-0ms_rate-50mbps_loss-0pct_corr-0pct_q833,,cubic,cubic,4,100.0,0.0,50.0,0.0,0.0,833,/Users/Rohin/Desktop/courses/EE122/EE-122-simulation/Final Test Outputs/delay/case04_delay-100ms_jitter-0ms_rate-50mbps_loss-0pct_corr-0pct_q833/cubic/cubic_100ms_0ms_50mbps_0_0_trial4.json,.meta.json,47.8209183864144,0.9564183677282879,1075970048.0,179.999897,137.0,0.7611115466360516,,,,,180,1.000161
20260509_163006,delay,case04_delay-100ms_jitter-0ms_rate-50mbps_loss-0pct_corr-0pct_q833,,cubic,cubic,5,100.0,0.0,50.0,0.0,0.0,833,/Users/Rohin/Desktop/courses/EE122/EE-122-simulation/Final Test Outputs/delay/case04_delay-100ms_jitter-0ms_rate-50mbps_loss-0pct_corr-0pct_q833/cubic/cubic_100ms_0ms_50mbps_0_0_trial5.json,.meta.json,47.815216483572016,0.9563043296714403,1075838976.0,179.999432,136.0,0.7555579397606098,,,,,180,1.001006
20260509_163006,delay,case04_delay-100ms_jitter-0ms_rate-50mbps_loss-0pct_corr-0pct_q833,,reno,reno,1,100.0,0.0,50.0,0.0,0.0,833,/Users/Rohin/Desktop/courses/EE122/EE-122-simulation/Final Test Outputs/delay/case04_delay-100ms_jitter-0ms_rate-50mbps_loss-0pct_corr-0pct_q833/reno/reno_100ms_0ms_50mbps_0_0_trial1.json,.meta.json,47.80343626710188,0.9560687253420376,1075576832.0,179.999919,4.0,0.02222223222222672,,,,,180,1.000101
20260509_163006,delay,case04_delay-100ms_jitter-0ms_rate-50mbps_loss-0pct_corr-0pct_q833,,reno,reno,2,100.0,0.0,50.0,0.0,0.0,833,/Users/Rohin/Desktop/courses/EE122/EE-122-simulation/Final Test Outputs/delay/case04_delay-100ms_jitter-0ms_rate-50mbps_loss-0pct_corr-0pct_q833/reno/reno_100ms_0ms_50mbps_0_0_trial2.json,.meta.json,47.80339058828587,0.9560678117657174,1075576832.0,180.000091,4.0,0.02222221098766,,,,,180,1.000414
20260509_163006,delay,case04_delay-100ms_jitter-0ms_rate-50mbps_loss-0pct_corr-0pct_q833,,reno,reno,3,100.0,0.0,50.0,0.0,0.0,833,/Users/Rohin/Desktop/courses/EE122/EE-122-simulation/Final Test Outputs/delay/case04_delay-100ms_jitter-0ms_rate-50mbps_loss-0pct_corr-0pct_q833/reno/reno_100ms_0ms_50mbps_0_0_trial3.json,.meta.json,47.809246552343986,0.9561849310468797,1075707904.0,179.999976,5.0,0.027777781481481974,,,,,180,1.000188
20260509_163006,delay,case04_delay-100ms_jitter-0ms_rate-50mbps_loss-0pct_corr-0pct_q833,,reno,reno,4,100.0,0.0,50.0,0.0,0.0,833,/Users/Rohin/Desktop/courses/EE122/EE-122-simulation/Final Test Outputs/delay/case04_delay-100ms_jitter-0ms_rate-50mbps_loss-0pct_corr-0pct_q833/reno/reno_100ms_0ms_50mbps_0_0_trial4.json,.meta.json,47.803413693257475,0.9560682738651495,1075576832.0,180.000004,3.0,0.016666666296296307,,,,,180,1.000167
20260509_163006,delay,case04_delay-100ms_jitter-0ms_rate-50mbps_loss-0pct_corr-0pct_q833,,reno,reno,5,100.0,0.0,50.0,0.0,0.0,833,/Users/Rohin/Desktop/courses/EE122/EE-122-simulation/Final Test Outputs/delay/case04_delay-100ms_jitter-0ms_rate-50mbps_loss-0pct_corr-0pct_q833/reno/reno_100ms_0ms_50mbps_0_0_trial5.json,.meta.json,47.80898785256411,0.9561797570512822,1075707904.0,180.00095,5.0,0.027777631173613253,,,,,180,1.000231
20260509_163006,delay,case04_delay-100ms_jitter-0ms_rate-50mbps_loss-0pct_corr-0pct_q833,,vegas,vegas,1,100.0,0.0,50.0,0.0,0.0,833,/Users/Rohin/Desktop/courses/EE122/EE-122-simulation/Final Test Outputs/delay/case04_delay-100ms_jitter-0ms_rate-50mbps_loss-0pct_corr-0pct_q833/vegas/vegas_100ms_0ms_50mbps_0_0_trial1.json,.meta.json,47.81503186383863,0.9563006372767725,1075838976.0,180.000127,0.0,0.0,,,,,180,1.000178
20260509_163006,delay,case04_delay-100ms_jitter-0ms_rate-50mbps_loss-0pct_corr-0pct_q833,,vegas,vegas,2,100.0,0.0,50.0,0.0,0.0,833,/Users/Rohin/Desktop/courses/EE122/EE-122-simulation/Final Test Outputs/delay/case04_delay-100ms_jitter-0ms_rate-50mbps_loss-0pct_corr-0pct_q833/vegas/vegas_100ms_0ms_50mbps_0_0_trial2.json,.meta.json,47.80929781454236,0.9561859562908472,1075707904.0,179.999783,0.0,0.0,,,,,180,1.000138
20260509_163006,delay,case04_delay-100ms_jitter-0ms_rate-50mbps_loss-0pct_corr-0pct_q833,,vegas,vegas,3,100.0,0.0,50.0,0.0,0.0,833,/Users/Rohin/Desktop/courses/EE122/EE-122-simulation/Final Test Outputs/delay/case04_delay-100ms_jitter-0ms_rate-50mbps_loss-0pct_corr-0pct_q833/vegas/vegas_100ms_0ms_50mbps_0_0_trial3.json,.meta.json,47.80925239569783,0.9561850479139566,1075707904.0,179.999954,0.0,0.0,,,,,180,1.000182
20260509_163006,delay,case04_delay-100ms_jitter-0ms_rate-50mbps_loss-0pct_corr-0pct_q833,,vegas,vegas,4,100.0,0.0,50.0,0.0,0.0,833,/Users/Rohin/Desktop/courses/EE122/EE-122-simulation/Final Test Outputs/delay/case04_delay-100ms_jitter-0ms_rate-50mbps_loss-0pct_corr-0pct_q833/vegas/vegas_100ms_0ms_50mbps_0_0_trial4.json,.meta.json,47.809289846317796,0.956185796926356,1075707904.0,179.999813,0.0,0.0,,,,,180,1.00015
20260509_163006,delay,case04_delay-100ms_jitter-0ms_rate-50mbps_loss-0pct_corr-0pct_q833,,vegas,vegas,5,100.0,0.0,50.0,0.0,0.0,833,/Users/Rohin/Desktop/courses/EE122/EE-122-simulation/Final Test Outputs/delay/case04_delay-100ms_jitter-0ms_rate-50mbps_loss-0pct_corr-0pct_q833/vegas/vegas_100ms_0ms_50mbps_0_0_trial5.json,.meta.json,47.80922928789777,0.9561845857579554,1075707904.0,180.000041,0.0,0.0,,,,,180,1.000172
20260509_163006,delay,case05_delay-200ms_jitter-0ms_rate-50mbps_loss-0pct_corr-0pct_q1667,,bbrv3,bbr,1,200.0,0.0,50.0,0.0,0.0,1667,/Users/Rohin/Desktop/courses/EE122/EE-122-simulation/Final Test Outputs/delay/case05_delay-200ms_jitter-0ms_rate-50mbps_loss-0pct_corr-0pct_q1667/bbrv3/bbrv3_200ms_0ms_50mbps_0_0_trial1.json,.meta.json,46.679351517954025,0.9335870303590805,1050279936.0,179.999062,0.0,0.0,,,,,180,1.000996
20260509_163006,delay,case05_delay-200ms_jitter-0ms_rate-50mbps_loss-0pct_corr-0pct_q1667,,bbrv3,bbr,2,200.0,0.0,50.0,0.0,0.0,1667,/Users/Rohin/Desktop/courses/EE122/EE-122-simulation/Final Test Outputs/delay/case05_delay-200ms_jitter-0ms_rate-50mbps_loss-0pct_corr-0pct_q1667/bbrv3/bbrv3_200ms_0ms_50mbps_0_0_trial2.json,.meta.json,46.68492616742856,0.9336985233485712,1050411008.0,180.000029,0.0,0.0,,,,,180,1.000198
20260509_163006,delay,case05_delay-200ms_jitter-0ms_rate-50mbps_loss-0pct_corr-0pct_q1667,,bbrv3,bbr,3,200.0,0.0,50.0,0.0,0.0,1667,/Users/Rohin/Desktop/courses/EE122/EE-122-simulation/Final Test Outputs/delay/case05_delay-200ms_jitter-0ms_rate-50mbps_loss-0pct_corr-0pct_q1667/bbrv3/bbrv3_200ms_0ms_50mbps_0_0_trial3.json,.meta.json,46.57423229571948,0.9314846459143896,1047920640.0,180.000071,0.0,0.0,,,,,180,1.001027
20260509_163006,delay,case05_delay-200ms_jitter-0ms_rate-50mbps_loss-0pct_corr-0pct_q1667,,bbrv3,bbr,4,200.0,0.0,50.0,0.0,0.0,1667,/Users/Rohin/Desktop/courses/EE122/EE-122-simulation/Final Test Outputs/delay/case05_delay-200ms_jitter-0ms_rate-50mbps_loss-0pct_corr-0pct_q1667/bbrv3/bbrv3_200ms_0ms_50mbps_0_0_trial4.json,.meta.json,46.684911383875665,0.9336982276775133,1050411008.0,180.000086,0.0,0.0,,,,,180,1.00019
20260509_163006,delay,case05_delay-200ms_jitter-0ms_rate-50mbps_loss-0pct_corr-0pct_q1667,,bbrv3,bbr,5,200.0,0.0,50.0,0.0,0.0,1667,/Users/Rohin/Desktop/courses/EE122/EE-122-simulation/Final Test Outputs/delay/case05_delay-200ms_jitter-0ms_rate-50mbps_loss-0pct_corr-0pct_q1667/bbrv3/bbrv3_200ms_0ms_50mbps_0_0_trial5.json,.meta.json,46.370623398140246,0.927412467962805,1043333120.0,179.998981,0.0,0.0,,,,,180,1.000046
20260509_163006,delay,case05_delay-200ms_jitter-0ms_rate-50mbps_loss-0pct_corr-0pct_q1667,,cubic,cubic,1,200.0,0.0,50.0,0.0,0.0,1667,/Users/Rohin/Desktop/courses/EE122/EE-122-simulation/Final Test Outputs/delay/case05_delay-200ms_jitter-0ms_rate-50mbps_loss-0pct_corr-0pct_q1667/cubic/cubic_200ms_0ms_50mbps_0_0_trial1.json,.meta.json,47.82092423119738,0.9564184846239476,1075970048.0,179.999875,325.0,1.805556809414451,,,,,180,1.000175
20260509_163006,delay,case05_delay-200ms_jitter-0ms_rate-50mbps_loss-0pct_corr-0pct_q1667,,cubic,cubic,2,200.0,0.0,50.0,0.0,0.0,1667,/Users/Rohin/Desktop/courses/EE122/EE-122-simulation/Final Test Outputs/delay/case05_delay-200ms_jitter-0ms_rate-50mbps_loss-0pct_corr-0pct_q1667/cubic/cubic_200ms_0ms_50mbps_0_0_trial2.json,.meta.json,47.820901649089265,0.9564180329817853,1075970048.0,179.99996,326.0,1.8111115135803364,,,,,180,1.000176
20260509_163006,delay,case05_delay-200ms_jitter-0ms_rate-50mbps_loss-0pct_corr-0pct_q1667,,cubic,cubic,3,200.0,0.0,50.0,0.0,0.0,1667,/Users/Rohin/Desktop/courses/EE122/EE-122-simulation/Final Test Outputs/delay/case05_delay-200ms_jitter-0ms_rate-50mbps_loss-0pct_corr-0pct_q1667/cubic/cubic_200ms_0ms_50mbps_0_0_trial3.json,.meta.json,47.820870034173694,0.9564174006834739,1075970048.0,180.000079,325.0,1.8055547631176319,,,,,180,2.000619
20260509_163006,delay,case05_delay-200ms_jitter-0ms_rate-50mbps_loss-0pct_corr-0pct_q1667,,cubic,cubic,4,200.0,0.0,50.0,0.0,0.0,1667,/Users/Rohin/Desktop/courses/EE122/EE-122-simulation/Final Test Outputs/delay/case05_delay-200ms_jitter-0ms_rate-50mbps_loss-0pct_corr-0pct_q1667/cubic/cubic_200ms_0ms_50mbps_0_0_trial4.json,.meta.json,47.82088969386418,0.9564177938772837,1075970048.0,180.000005,321.0,1.7833332837962979,,,,,180,1.000231
20260509_163006,delay,case05_delay-200ms_jitter-0ms_rate-50mbps_loss-0pct_corr-0pct_q1667,,cubic,cubic,5,200.0,0.0,50.0,0.0,0.0,1667,/Users/Rohin/Desktop/courses/EE122/EE-122-simulation/Final Test Outputs/delay/case05_delay-200ms_jitter-0ms_rate-50mbps_loss-0pct_corr-0pct_q1667/cubic/cubic_200ms_0ms_50mbps_0_0_trial5.json,.meta.json,47.82091386999218,0.9564182773998436,1075970048.0,179.999914,324.0,1.800000860000411,,,,,180,1.000143
20260509_163006,delay,case05_delay-200ms_jitter-0ms_rate-50mbps_loss-0pct_corr-0pct_q1667,,reno,reno,1,200.0,0.0,50.0,0.0,0.0,1667,/Users/Rohin/Desktop/courses/EE122/EE-122-simulation/Final Test Outputs/delay/case05_delay-200ms_jitter-0ms_rate-50mbps_loss-0pct_corr-0pct_q1667/reno/reno_200ms_0ms_50mbps_0_0_trial1.json,.meta.json,47.80929861136497,0.9561859722272995,1075707904.0,179.99978,1.0,0.005555562345687312,,,,,180,1.000178
20260509_163006,delay,case05_delay-200ms_jitter-0ms_rate-50mbps_loss-0pct_corr-0pct_q1667,,reno,reno,2,200.0,0.0,50.0,0.0,0.0,1667,/Users/Rohin/Desktop/courses/EE122/EE-122-simulation/Final Test Outputs/delay/case05_delay-200ms_jitter-0ms_rate-50mbps_loss-0pct_corr-0pct_q1667/reno/reno_200ms_0ms_50mbps_0_0_trial2.json,.meta.json,47.815292191356896,0.9563058438271379,1075838976.0,179.999147,2.0,0.011111163765681623,,,,,180,1.001001
20260509_163006,delay,case05_delay-200ms_jitter-0ms_rate-50mbps_loss-0pct_corr-0pct_q1667,,reno,reno,3,200.0,0.0,50.0,0.0,0.0,1667,/Users/Rohin/Desktop/courses/EE122/EE-122-simulation/Final Test Outputs/delay/case05_delay-200ms_jitter-0ms_rate-50mbps_loss-0pct_corr-0pct_q1667/reno/reno_200ms_0ms_50mbps_0_0_trial3.json,.meta.json,47.809221850909395,0.9561844370181879,1075707904.0,180.000069,1.0,0.005555553425926742,,,,,180,1.000185
20260509_163006,delay,case05_delay-200ms_jitter-0ms_rate-50mbps_loss-0pct_corr-0pct_q1667,,reno,reno,4,200.0,0.0,50.0,0.0,0.0,1667,/Users/Rohin/Desktop/courses/EE122/EE-122-simulation/Final Test Outputs/delay/case05_delay-200ms_jitter-0ms_rate-50mbps_loss-0pct_corr-0pct_q1667/reno/reno_200ms_0ms_50mbps_0_0_trial4.json,.meta.json,47.82090032073062,0.9564180064146125,1075970048.0,179.999965,2.0,0.011111113271605359,,,,,180,1.000141
20260509_163006,delay,case05_delay-200ms_jitter-0ms_rate-50mbps_loss-0pct_corr-0pct_q1667,,reno,reno,5,200.0,0.0,50.0,0.0,0.0,1667,/Users/Rohin/Desktop/courses/EE122/EE-122-simulation/Final Test Outputs/delay/case05_delay-200ms_jitter-0ms_rate-50mbps_loss-0pct_corr-0pct_q1667/reno/reno_200ms_0ms_50mbps_0_0_trial5.json,.meta.json,47.815032395116404,0.956300647902328,1075838976.0,180.000125,2.0,0.011111103395067087,,,,,180,1.000193
20260509_163006,delay,case05_delay-200ms_jitter-0ms_rate-50mbps_loss-0pct_corr-0pct_q1667,,vegas,vegas,1,200.0,0.0,50.0,0.0,0.0,1667,/Users/Rohin/Desktop/courses/EE122/EE-122-simulation/Final Test Outputs/delay/case05_delay-200ms_jitter-0ms_rate-50mbps_loss-0pct_corr-0pct_q1667/vegas/vegas_200ms_0ms_50mbps_0_0_trial1.json,.meta.json,47.809278159593205,0.9561855631918641,1075707904.0,179.999857,0.0,0.0,,,,,180,1.000101
20260509_163006,delay,case05_delay-200ms_jitter-0ms_rate-50mbps_loss-0pct_corr-0pct_q1667,,vegas,vegas,2,200.0,0.0,50.0,0.0,0.0,1667,/Users/Rohin/Desktop/courses/EE122/EE-122-simulation/Final Test Outputs/delay/case05_delay-200ms_jitter-0ms_rate-50mbps_loss-0pct_corr-0pct_q1667/vegas/vegas_200ms_0ms_50mbps_0_0_trial2.json,.meta.json,47.809250270841716,0.9561850054168343,1075707904.0,179.999962,0.0,0.0,,,,,180,1.000156
20260509_163006,delay,case05_delay-200ms_jitter-0ms_rate-50mbps_loss-0pct_corr-0pct_q1667,,vegas,vegas,3,200.0,0.0,50.0,0.0,0.0,1667,/Users/Rohin/Desktop/courses/EE122/EE-122-simulation/Final Test Outputs/delay/case05_delay-200ms_jitter-0ms_rate-50mbps_loss-0pct_corr-0pct_q1667/vegas/vegas_200ms_0ms_50mbps_0_0_trial3.json,.meta.json,47.82088491177582,0.9564176982355164,1075970048.0,180.000023,0.0,0.0,,,,,180,1.000167
20260509_163006,delay,case05_delay-200ms_jitter-0ms_rate-50mbps_loss-0pct_corr-0pct_q1667,,vegas,vegas,4,200.0,0.0,50.0,0.0,0.0,1667,/Users/Rohin/Desktop/courses/EE122/EE-122-simulation/Final Test Outputs/delay/case05_delay-200ms_jitter-0ms_rate-50mbps_loss-0pct_corr-0pct_q1667/vegas/vegas_200ms_0ms_50mbps_0_0_trial4.json,.meta.json,47.8092778939859,0.956185557879718,1075707904.0,179.999858,0.0,0.0,,,,,180,1.000199
20260509_163006,delay,case05_delay-200ms_jitter-0ms_rate-50mbps_loss-0pct_corr-0pct_q1667,,vegas,vegas,5,200.0,0.0,50.0,0.0,0.0,1667,/Users/Rohin/Desktop/courses/EE122/EE-122-simulation/Final Test Outputs/delay/case05_delay-200ms_jitter-0ms_rate-50mbps_loss-0pct_corr-0pct_q1667/vegas/vegas_200ms_0ms_50mbps_0_0_trial5.json,.meta.json,47.81511314947363,0.9563022629894726,1075838976.0,179.999821,0.0,0.0,,,,,180,1.000177
20260509_163006,delay,case06_delay-500ms_jitter-0ms_rate-50mbps_loss-0pct_corr-0pct_q4167,,bbrv3,bbr,1,500.0,0.0,50.0,0.0,0.0,4167,/Users/Rohin/Desktop/courses/EE122/EE-122-simulation/Final Test Outputs/delay/case06_delay-500ms_jitter-0ms_rate-50mbps_loss-0pct_corr-0pct_q4167/bbrv3/bbrv3_500ms_0ms_50mbps_0_0_trial1.json,.meta.json,44.8501855707975,0.89700371141595,1009123328.0,179.998957,0.0,0.0,,,,,180,1.000988
20260509_163006,delay,case06_delay-500ms_jitter-0ms_rate-50mbps_loss-0pct_corr-0pct_q4167,,bbrv3,bbr,2,500.0,0.0,50.0,0.0,0.0,4167,/Users/Rohin/Desktop/courses/EE122/EE-122-simulation/Final Test Outputs/delay/case06_delay-500ms_jitter-0ms_rate-50mbps_loss-0pct_corr-0pct_q4167/bbrv3/bbrv3_500ms_0ms_50mbps_0_0_trial2.json,.meta.json,45.10628561409515,0.902125712281903,1014890496.0,179.999835,0.0,0.0,,,,,180,1.000154
20260509_163006,delay,case06_delay-500ms_jitter-0ms_rate-50mbps_loss-0pct_corr-0pct_q4167,,bbrv3,bbr,3,500.0,0.0,50.0,0.0,0.0,4167,/Users/Rohin/Desktop/courses/EE122/EE-122-simulation/Final Test Outputs/delay/case06_delay-500ms_jitter-0ms_rate-50mbps_loss-0pct_corr-0pct_q4167/bbrv3/bbrv3_500ms_0ms_50mbps_0_0_trial3.json,.meta.json,45.37419906831364,0.9074839813662727,1020919808.0,180.000058,0.0,0.0,,,,,180,1.000148
20260509_163006,delay,case06_delay-500ms_jitter-0ms_rate-50mbps_loss-0pct_corr-0pct_q4167,,bbrv3,bbr,4,500.0,0.0,50.0,0.0,0.0,4167,/Users/Rohin/Desktop/courses/EE122/EE-122-simulation/Final Test Outputs/delay/case06_delay-500ms_jitter-0ms_rate-50mbps_loss-0pct_corr-0pct_q4167/bbrv3/bbrv3_500ms_0ms_50mbps_0_0_trial4.json,.meta.json,44.570550807865835,0.8914110161573167,1002831872.0,179.999009,0.0,0.0,,,,,180,5.001016
20260509_163006,delay,case06_delay-500ms_jitter-0ms_rate-50mbps_loss-0pct_corr-0pct_q4167,,bbrv3,bbr,5,500.0,0.0,50.0,0.0,0.0,4167,/Users/Rohin/Desktop/courses/EE122/EE-122-simulation/Final Test Outputs/delay/case06_delay-500ms_jitter-0ms_rate-50mbps_loss-0pct_corr-0pct_q4167/bbrv3/bbrv3_500ms_0ms_50mbps_0_0_trial5.json,.meta.json,44.761744363713234,0.8952348872742647,1007157248.0,180.003217,0.0,0.0,,,,,180,1.000064
20260509_163006,delay,case06_delay-500ms_jitter-0ms_rate-50mbps_loss-0pct_corr-0pct_q4167,,cubic,cubic,1,500.0,0.0,50.0,0.0,0.0,4167,/Users/Rohin/Desktop/courses/EE122/EE-122-simulation/Final Test Outputs/delay/case06_delay-500ms_jitter-0ms_rate-50mbps_loss-0pct_corr-0pct_q4167/cubic/cubic_500ms_0ms_50mbps_0_0_trial1.json,.meta.json,47.82066546808343,0.9564133093616687,1075970048.0,180.000849,1102.0,6.1221933458769415,,,,,180,1.000168
20260509_163006,delay,case06_delay-500ms_jitter-0ms_rate-50mbps_loss-0pct_corr-0pct_q4167,,cubic,cubic,2,500.0,0.0,50.0,0.0,0.0,4167,/Users/Rohin/Desktop/courses/EE122/EE-122-simulation/Final Test Outputs/delay/case06_delay-500ms_jitter-0ms_rate-50mbps_loss-0pct_corr-0pct_q4167/cubic/cubic_500ms_0ms_50mbps_0_0_trial2.json,.meta.json,47.82087641028776,0.9564175282057552,1075970048.0,180.000055,1099.0,6.105553689969706,,,,,180,1.000191
20260509_163006,delay,case06_delay-500ms_jitter-0ms_rate-50mbps_loss-0pct_corr-0pct_q4167,,cubic,cubic,3,500.0,0.0,50.0,0.0,0.0,4167,/Users/Rohin/Desktop/courses/EE122/EE-122-simulation/Final Test Outputs/delay/case06_delay-500ms_jitter-0ms_rate-50mbps_loss-0pct_corr-0pct_q4167/cubic/cubic_500ms_0ms_50mbps_0_0_trial3.json,.meta.json,47.82092343418144,0.9564184686836288,1075970048.0,179.999878,1097.0,6.094448575126257,,,,,180,1.000177
20260509_163006,delay,case06_delay-500ms_jitter-0ms_rate-50mbps_loss-0pct_corr-0pct_q4167,,cubic,cubic,4,500.0,0.0,50.0,0.0,0.0,4167,/Users/Rohin/Desktop/courses/EE122/EE-122-simulation/Final Test Outputs/delay/case06_delay-500ms_jitter-0ms_rate-50mbps_loss-0pct_corr-0pct_q4167/cubic/cubic_500ms_0ms_50mbps_0_0_trial4.json,.meta.json,47.82094681332684,0.9564189362665368,1075970048.0,179.99979,1106.0,6.144451612971326,,,,,180,1.000196
20260509_163006,delay,case06_delay-500ms_jitter-0ms_rate-50mbps_loss-0pct_corr-0pct_q4167,,cubic,cubic,5,500.0,0.0,50.0,0.0,0.0,4167,/Users/Rohin/Desktop/courses/EE122/EE-122-simulation/Final Test Outputs/delay/case06_delay-500ms_jitter-0ms_rate-50mbps_loss-0pct_corr-0pct_q4167/cubic/cubic_500ms_0ms_50mbps_0_0_trial5.json,.meta.json,47.82092263716552,0.9564184527433105,1075970048.0,179.999881,1105.0,6.138892947379227,,,,,180,1.000183
20260509_163006,delay,case06_delay-500ms_jitter-0ms_rate-50mbps_loss-0pct_corr-0pct_q4167,,reno,reno,1,500.0,0.0,50.0,0.0,0.0,4167,/Users/Rohin/Desktop/courses/EE122/EE-122-simulation/Final Test Outputs/delay/case06_delay-500ms_jitter-0ms_rate-50mbps_loss-0pct_corr-0pct_q4167/reno/reno_500ms_0ms_50mbps_0_0_trial1.json,.meta.json,47.81506055285472,0.9563012110570943,1075838976.0,180.000019,0.0,0.0,,,,,180,1.000158
20260509_163006,delay,case06_delay-500ms_jitter-0ms_rate-50mbps_loss-0pct_corr-0pct_q4167,,reno,reno,2,500.0,0.0,50.0,0.0,0.0,4167,/Users/Rohin/Desktop/courses/EE122/EE-122-simulation/Final Test Outputs/delay/case06_delay-500ms_jitter-0ms_rate-50mbps_loss-0pct_corr-0pct_q4167/reno/reno_500ms_0ms_50mbps_0_0_trial2.json,.meta.json,47.82085781329319,0.9564171562658638,1075970048.0,180.000125,0.0,0.0,,,,,180,1.000128
20260509_163006,delay,case06_delay-500ms_jitter-0ms_rate-50mbps_loss-0pct_corr-0pct_q4167,,reno,reno,3,500.0,0.0,50.0,0.0,0.0,4167,/Users/Rohin/Desktop/courses/EE122/EE-122-simulation/Final Test Outputs/delay/case06_delay-500ms_jitter-0ms_rate-50mbps_loss-0pct_corr-0pct_q4167/reno/reno_500ms_0ms_50mbps_0_0_trial3.json,.meta.json,47.82092210582159,0.9564184421164318,1075970048.0,179.999883,0.0,0.0,,,,,180,1.000131
20260509_163006,delay,case06_delay-500ms_jitter-0ms_rate-50mbps_loss-0pct_corr-0pct_q4167,,reno,reno,4,500.0,0.0,50.0,0.0,0.0,4167,/Users/Rohin/Desktop/courses/EE122/EE-122-simulation/Final Test Outputs/delay/case06_delay-500ms_jitter-0ms_rate-50mbps_loss-0pct_corr-0pct_q4167/reno/reno_500ms_0ms_50mbps_0_0_trial4.json,.meta.json,47.820890225207386,0.9564178045041477,1075970048.0,180.000003,0.0,0.0,,,,,180,1.000127
20260509_163006,delay,case06_delay-500ms_jitter-0ms_rate-50mbps_loss-0pct_corr-0pct_q4167,,reno,reno,5,500.0,0.0,50.0,0.0,0.0,4167,/Users/Rohin/Desktop/courses/EE122/EE-122-simulation/Final Test Outputs/delay/case06_delay-500ms_jitter-0ms_rate-50mbps_loss-0pct_corr-0pct_q4167/reno/reno_500ms_0ms_50mbps_0_0_trial5.json,.meta.json,47.820791926914495,0.9564158385382899,1075970048.0,180.000373,0.0,0.0,,,,,180,1.000179
20260509_163006,delay,case06_delay-500ms_jitter-0ms_rate-50mbps_loss-0pct_corr-0pct_q4167,,vegas,vegas,1,500.0,0.0,50.0,0.0,0.0,4167,/Users/Rohin/Desktop/courses/EE122/EE-122-simulation/Final Test Outputs/delay/case06_delay-500ms_jitter-0ms_rate-50mbps_loss-0pct_corr-0pct_q4167/vegas/vegas_500ms_0ms_50mbps_0_0_trial1.json,.meta.json,47.82085781329319,0.9564171562658638,1075970048.0,180.000125,0.0,0.0,,,,,180,1.000193
20260509_163006,delay,case06_delay-500ms_jitter-0ms_rate-50mbps_loss-0pct_corr-0pct_q4167,,vegas,vegas,2,500.0,0.0,50.0,0.0,0.0,4167,/Users/Rohin/Desktop/courses/EE122/EE-122-simulation/Final Test Outputs/delay/case06_delay-500ms_jitter-0ms_rate-50mbps_loss-0pct_corr-0pct_q4167/vegas/vegas_500ms_0ms_50mbps_0_0_trial2.json,.meta.json,47.82102199868803,0.9564204399737606,1075970048.0,179.999507,0.0,0.0,,,,,180,1.000478
20260509_163006,delay,case06_delay-500ms_jitter-0ms_rate-50mbps_loss-0pct_corr-0pct_q4167,,vegas,vegas,3,500.0,0.0,50.0,0.0,0.0,4167,/Users/Rohin/Desktop/courses/EE122/EE-122-simulation/Final Test Outputs/delay/case06_delay-500ms_jitter-0ms_rate-50mbps_loss-0pct_corr-0pct_q4167/vegas/vegas_500ms_0ms_50mbps_0_0_trial3.json,.meta.json,47.39568838849475,0.947913767769895,1066401792.0,179.999798,0.0,0.0,,,,,180,1.000867
20260509_163006,delay,case06_delay-500ms_jitter-0ms_rate-50mbps_loss-0pct_corr-0pct_q4167,,vegas,vegas,4,500.0,0.0,50.0,0.0,0.0,4167,/Users/Rohin/Desktop/courses/EE122/EE-122-simulation/Final Test Outputs/delay/case06_delay-500ms_jitter-0ms_rate-50mbps_loss-0pct_corr-0pct_q4167/vegas/vegas_500ms_0ms_50mbps_0_0_trial4.json,.meta.json,47.82064368322628,0.9564128736645255,1075970048.0,180.000931,0.0,0.0,,,,,180,1.000206
20260509_163006,delay,case06_delay-500ms_jitter-0ms_rate-50mbps_loss-0pct_corr-0pct_q4167,,vegas,vegas,5,500.0,0.0,50.0,0.0,0.0,4167,/Users/Rohin/Desktop/courses/EE122/EE-122-simulation/Final Test Outputs/delay/case06_delay-500ms_jitter-0ms_rate-50mbps_loss-0pct_corr-0pct_q4167/vegas/vegas_500ms_0ms_50mbps_0_0_trial5.json,.meta.json,47.44807164441155,0.948961432888231,1067581440.0,179.999971,0.0,0.0,,,,,180,1.00016
20260509_163006,delay,case07_delay-1000ms_jitter-0ms_rate-50mbps_loss-0pct_corr-0pct_q8333,,bbrv3,bbr,1,1000.0,0.0,50.0,0.0,0.0,8333,/Users/Rohin/Desktop/courses/EE122/EE-122-simulation/Final Test Outputs/delay/case07_delay-1000ms_jitter-0ms_rate-50mbps_loss-0pct_corr-0pct_q8333/bbrv3/bbrv3_1000ms_0ms_50mbps_0_0_trial1.json,.meta.json,42.71196417393758,0.8542392834787517,961019904.0,180.000133,0.0,0.0,,,,,180,1.000072
20260509_163006,delay,case07_delay-1000ms_jitter-0ms_rate-50mbps_loss-0pct_corr-0pct_q8333,,bbrv3,bbr,2,1000.0,0.0,50.0,0.0,0.0,8333,/Users/Rohin/Desktop/courses/EE122/EE-122-simulation/Final Test Outputs/delay/case07_delay-1000ms_jitter-0ms_rate-50mbps_loss-0pct_corr-0pct_q8333/bbrv3/bbrv3_1000ms_0ms_50mbps_0_0_trial2.json,.meta.json,42.19350901149207,0.8438701802298414,949354496.0,180.000103,0.0,0.0,,,,,180,1.000149
20260509_163006,delay,case07_delay-1000ms_jitter-0ms_rate-50mbps_loss-0pct_corr-0pct_q8333,,bbrv3,bbr,3,1000.0,0.0,50.0,0.0,0.0,8333,/Users/Rohin/Desktop/courses/EE122/EE-122-simulation/Final Test Outputs/delay/case07_delay-1000ms_jitter-0ms_rate-50mbps_loss-0pct_corr-0pct_q8333/bbrv3/bbrv3_1000ms_0ms_50mbps_0_0_trial3.json,.meta.json,43.2188314771286,0.8643766295425721,972423168.0,179.9999,0.0,0.0,,,,,180,1.000131
20260509_163006,delay,case07_delay-1000ms_jitter-0ms_rate-50mbps_loss-0pct_corr-0pct_q8333,,bbrv3,bbr,4,1000.0,0.0,50.0,0.0,0.0,8333,/Users/Rohin/Desktop/courses/EE122/EE-122-simulation/Final Test Outputs/delay/case07_delay-1000ms_jitter-0ms_rate-50mbps_loss-0pct_corr-0pct_q8333/bbrv3/bbrv3_1000ms_0ms_50mbps_0_0_trial4.json,.meta.json,43.78388461143718,0.8756776922287436,985137152.0,179.999954,0.0,0.0,,,,,180,1.00041
20260509_163006,delay,case07_delay-1000ms_jitter-0ms_rate-50mbps_loss-0pct_corr-0pct_q8333,,bbrv3,bbr,5,1000.0,0.0,50.0,0.0,0.0,8333,/Users/Rohin/Desktop/courses/EE122/EE-122-simulation/Final Test Outputs/delay/case07_delay-1000ms_jitter-0ms_rate-50mbps_loss-0pct_corr-0pct_q8333/bbrv3/bbrv3_1000ms_0ms_50mbps_0_0_trial5.json,.meta.json,43.253750868652595,0.8650750173730519,973209600.0,180.000038,0.0,0.0,,,,,180,1.000125
20260509_163006,delay,case07_delay-1000ms_jitter-0ms_rate-50mbps_loss-0pct_corr-0pct_q8333,,cubic,cubic,1,1000.0,0.0,50.0,0.0,0.0,8333,/Users/Rohin/Desktop/courses/EE122/EE-122-simulation/Final Test Outputs/delay/case07_delay-1000ms_jitter-0ms_rate-50mbps_loss-0pct_corr-0pct_q8333/cubic/cubic_1000ms_0ms_50mbps_0_0_trial1.json,.meta.json,47.8211431459158,0.9564228629183159,1075970048.0,179.999051,2870.0,15.944528507541964,,,,,180,5.001043
20260509_163006,delay,case07_delay-1000ms_jitter-0ms_rate-50mbps_loss-0pct_corr-0pct_q8333,,cubic,cubic,2,1000.0,0.0,50.0,0.0,0.0,8333,/Users/Rohin/Desktop/courses/EE122/EE-122-simulation/Final Test Outputs/delay/case07_delay-1000ms_jitter-0ms_rate-50mbps_loss-0pct_corr-0pct_q8333/cubic/cubic_1000ms_0ms_50mbps_0_0_trial2.json,.meta.json,47.82111684416288,0.9564223368832576,1075970048.0,179.99915,2875.0,15.972297646961112,,,,,180,5.00004
20260509_163006,delay,case07_delay-1000ms_jitter-0ms_rate-50mbps_loss-0pct_corr-0pct_q8333,,cubic,cubic,3,1000.0,0.0,50.0,0.0,0.0,8333,/Users/Rohin/Desktop/courses/EE122/EE-122-simulation/Final Test Outputs/delay/case07_delay-1000ms_jitter-0ms_rate-50mbps_loss-0pct_corr-0pct_q8333/cubic/cubic_1000ms_0ms_50mbps_0_0_trial3.json,.meta.json,47.820977365653576,0.9564195473130715,1075970048.0,179.999675,2869.0,15.938917667490234,,,,,180,4.000084
20260509_163006,delay,case07_delay-1000ms_jitter-0ms_rate-50mbps_loss-0pct_corr-0pct_q8333,,cubic,cubic,4,1000.0,0.0,50.0,0.0,0.0,8333,/Users/Rohin/Desktop/courses/EE122/EE-122-simulation/Final Test Outputs/delay/case07_delay-1000ms_jitter-0ms_rate-50mbps_loss-0pct_corr-0pct_q8333/cubic/cubic_1000ms_0ms_50mbps_0_0_trial4.json,.meta.json,47.82088384908965,0.9564176769817929,1075970048.0,180.000027,2867.0,15.92777538861147,,,,,180,1.000079
20260509_163006,delay,case07_delay-1000ms_jitter-0ms_rate-50mbps_loss-0pct_corr-0pct_q8333,,cubic,cubic,5,1000.0,0.0,50.0,0.0,0.0,8333,/Users/Rohin/Desktop/courses/EE122/EE-122-simulation/Final Test Outputs/delay/case07_delay-1000ms_jitter-0ms_rate-50mbps_loss-0pct_corr-0pct_q8333/cubic/cubic_1000ms_0ms_50mbps_0_0_trial5.json,.meta.json,47.82084081033937,0.9564168162067874,1075970048.0,180.000189,2888.0,16.044427597795465,,,,,180,1.000222
20260509_163006,delay,case07_delay-1000ms_jitter-0ms_rate-50mbps_loss-0pct_corr-0pct_q8333,,reno,reno,1,1000.0,0.0,50.0,0.0,0.0,8333,/Users/Rohin/Desktop/courses/EE122/EE-122-simulation/Final Test Outputs/delay/case07_delay-1000ms_jitter-0ms_rate-50mbps_loss-0pct_corr-0pct_q8333/reno/reno_1000ms_0ms_50mbps_0_0_trial1.json,.meta.json,47.820873753573366,0.9564174750714673,1075970048.0,180.000065,0.0,0.0,,,,,180,1.000194
20260509_163006,delay,case07_delay-1000ms_jitter-0ms_rate-50mbps_loss-0pct_corr-0pct_q8333,,reno,reno,2,1000.0,0.0,50.0,0.0,0.0,8333,/Users/Rohin/Desktop/courses/EE122/EE-122-simulation/Final Test Outputs/delay/case07_delay-1000ms_jitter-0ms_rate-50mbps_loss-0pct_corr-0pct_q8333/reno/reno_1000ms_0ms_50mbps_0_0_trial2.json,.meta.json,47.81508313219715,0.956301662643943,1075838976.0,179.999934,0.0,0.0,,,,,180,1.000194
20260509_163006,delay,case07_delay-1000ms_jitter-0ms_rate-50mbps_loss-0pct_corr-0pct_q8333,,reno,reno,3,1000.0,0.0,50.0,0.0,0.0,8333,/Users/Rohin/Desktop/courses/EE122/EE-122-simulation/Final Test Outputs/delay/case07_delay-1000ms_jitter-0ms_rate-50mbps_loss-0pct_corr-0pct_q8333/reno/reno_1000ms_0ms_50mbps_0_0_trial3.json,.meta.json,47.815154323675245,0.9563030864735049,1075838976.0,179.999666,0.0,0.0,,,,,180,1.001022
20260509_163006,delay,case07_delay-1000ms_jitter-0ms_rate-50mbps_loss-0pct_corr-0pct_q8333,,reno,reno,4,1000.0,0.0,50.0,0.0,0.0,8333,/Users/Rohin/Desktop/courses/EE122/EE-122-simulation/Final Test Outputs/delay/case07_delay-1000ms_jitter-0ms_rate-50mbps_loss-0pct_corr-0pct_q8333/reno/reno_1000ms_0ms_50mbps_0_0_trial4.json,.meta.json,47.82088995953578,0.9564177991907157,1075970048.0,180.000004,0.0,0.0,,,,,180,1.000217
20260509_163006,delay,case07_delay-1000ms_jitter-0ms_rate-50mbps_loss-0pct_corr-0pct_q8333,,reno,reno,5,1000.0,0.0,50.0,0.0,0.0,8333,/Users/Rohin/Desktop/courses/EE122/EE-122-simulation/Final Test Outputs/delay/case07_delay-1000ms_jitter-0ms_rate-50mbps_loss-0pct_corr-0pct_q8333/reno/reno_1000ms_0ms_50mbps_0_0_trial5.json,.meta.json,47.82063916685595,0.956412783337119,1075970048.0,180.000948,0.0,0.0,,,,,180,1.000145
20260509_163006,delay,case07_delay-1000ms_jitter-0ms_rate-50mbps_loss-0pct_corr-0pct_q8333,,vegas,vegas,1,1000.0,0.0,50.0,0.0,0.0,8333,/Users/Rohin/Desktop/courses/EE122/EE-122-simulation/Final Test Outputs/delay/case07_delay-1000ms_jitter-0ms_rate-50mbps_loss-0pct_corr-0pct_q8333/vegas/vegas_1000ms_0ms_50mbps_0_0_trial1.json,.meta.json,45.939256419598145,0.9187851283919629,1033633792.0,180.000091,0.0,0.0,,,,,180,1.000088
20260509_163006,delay,case07_delay-1000ms_jitter-0ms_rate-50mbps_loss-0pct_corr-0pct_q8333,,vegas,vegas,2,1000.0,0.0,50.0,0.0,0.0,8333,/Users/Rohin/Desktop/courses/EE122/EE-122-simulation/Final Test Outputs/delay/case07_delay-1000ms_jitter-0ms_rate-50mbps_loss-0pct_corr-0pct_q8333/vegas/vegas_1000ms_0ms_50mbps_0_0_trial2.json,.meta.json,46.5625791277426,0.9312515825548521,1047658496.0,180.00008,0.0,0.0,,,,,180,1.000031
20260509_163006,delay,case07_delay-1000ms_jitter-0ms_rate-50mbps_loss-0pct_corr-0pct_q8333,,vegas,vegas,3,1000.0,0.0,50.0,0.0,0.0,8333,/Users/Rohin/Desktop/courses/EE122/EE-122-simulation/Final Test Outputs/delay/case07_delay-1000ms_jitter-0ms_rate-50mbps_loss-0pct_corr-0pct_q8333/vegas/vegas_1000ms_0ms_50mbps_0_0_trial3.json,.meta.json,31.80099916838283,0.6360199833676566,715522048.0,179.999891,0.0,0.0,,,,,180,1.000251
20260509_163006,delay,case07_delay-1000ms_jitter-0ms_rate-50mbps_loss-0pct_corr-0pct_q8333,,vegas,vegas,4,1000.0,0.0,50.0,0.0,0.0,8333,/Users/Rohin/Desktop/courses/EE122/EE-122-simulation/Final Test Outputs/delay/case07_delay-1000ms_jitter-0ms_rate-50mbps_loss-0pct_corr-0pct_q8333/vegas/vegas_1000ms_0ms_50mbps_0_0_trial4.json,.meta.json,42.898179024217,0.85796358048434,965214208.0,180.000966,0.0,0.0,,,,,180,1.000049
20260509_163006,delay,case07_delay-1000ms_jitter-0ms_rate-50mbps_loss-0pct_corr-0pct_q8333,,vegas,vegas,5,1000.0,0.0,50.0,0.0,0.0,8333,/Users/Rohin/Desktop/courses/EE122/EE-122-simulation/Final Test Outputs/delay/case07_delay-1000ms_jitter-0ms_rate-50mbps_loss-0pct_corr-0pct_q8333/vegas/vegas_1000ms_0ms_50mbps_0_0_trial5.json,.meta.json,31.77202860522495,0.635440572104499,714866688.0,179.999004,0.0,0.0,,,,,180,1.001042
20260509_163006,loss,case01_delay-50ms_jitter-0ms_rate-50mbps_loss-0pct_corr-0pct_q417,,bbrv3,bbr,1,50.0,0.0,50.0,0.0,0.0,417,/Users/Rohin/Desktop/courses/EE122/EE-122-simulation/Final Test Outputs/loss/case01_delay-50ms_jitter-0ms_rate-50mbps_loss-0pct_corr-0pct_q417/bbrv3/bbrv3_50ms_0ms_50mbps_0_0_trial1.json,.meta.json,46.958681574651756,0.9391736314930351,1056571392.0,180.00018,0.0,0.0,,,,,180,1.000059
20260509_163006,loss,case01_delay-50ms_jitter-0ms_rate-50mbps_loss-0pct_corr-0pct_q417,,bbrv3,bbr,2,50.0,0.0,50.0,0.0,0.0,417,/Users/Rohin/Desktop/courses/EE122/EE-122-simulation/Final Test Outputs/loss/case01_delay-50ms_jitter-0ms_rate-50mbps_loss-0pct_corr-0pct_q417/bbrv3/bbrv3_50ms_0ms_50mbps_0_0_trial2.json,.meta.json,47.168415956377274,0.9433683191275455,1061289984.0,180.000106,0.0,0.0,,,,,180,1.000279
20260509_163006,loss,case01_delay-50ms_jitter-0ms_rate-50mbps_loss-0pct_corr-0pct_q417,,bbrv3,bbr,3,50.0,0.0,50.0,0.0,0.0,417,/Users/Rohin/Desktop/courses/EE122/EE-122-simulation/Final Test Outputs/loss/case01_delay-50ms_jitter-0ms_rate-50mbps_loss-0pct_corr-0pct_q417/bbrv3/bbrv3_50ms_0ms_50mbps_0_0_trial3.json,.meta.json,47.02887919525802,0.9405775839051604,1058144256.0,179.99906,0.0,0.0,,,,,180,1.000079
20260509_163006,loss,case01_delay-50ms_jitter-0ms_rate-50mbps_loss-0pct_corr-0pct_q417,,bbrv3,bbr,4,50.0,0.0,50.0,0.0,0.0,417,/Users/Rohin/Desktop/courses/EE122/EE-122-simulation/Final Test Outputs/loss/case01_delay-50ms_jitter-0ms_rate-50mbps_loss-0pct_corr-0pct_q417/bbrv3/bbrv3_50ms_0ms_50mbps_0_0_trial4.json,.meta.json,47.0868875606284,0.941737751212568,1059454976.0,180.000001,0.0,0.0,,,,,180,1.000157
20260509_163006,loss,case01_delay-50ms_jitter-0ms_rate-50mbps_loss-0pct_corr-0pct_q417,,bbrv3,bbr,5,50.0,0.0,50.0,0.0,0.0,417,/Users/Rohin/Desktop/courses/EE122/EE-122-simulation/Final Test Outputs/loss/case01_delay-50ms_jitter-0ms_rate-50mbps_loss-0pct_corr-0pct_q417/bbrv3/bbrv3_50ms_0ms_50mbps_0_0_trial5.json,.meta.json,47.01721601318833,0.9403443202637667,1057882112.0,179.999107,0.0,0.0,,,,,180,1.001045
20260509_163006,loss,case01_delay-50ms_jitter-0ms_rate-50mbps_loss-0pct_corr-0pct_q417,,cubic,cubic,1,50.0,0.0,50.0,0.0,0.0,417,/Users/Rohin/Desktop/courses/EE122/EE-122-simulation/Final Test Outputs/loss/case01_delay-50ms_jitter-0ms_rate-50mbps_loss-0pct_corr-0pct_q417/cubic/cubic_50ms_0ms_50mbps_0_0_trial1.json,.meta.json,47.81507967888457,0.9563015935776914,1075838976.0,179.999947,57.0,0.31666675990743487,,,,,180,1.000234
20260509_163006,loss,case01_delay-50ms_jitter-0ms_rate-50mbps_loss-0pct_corr-0pct_q417,,cubic,cubic,2,50.0,0.0,50.0,0.0,0.0,417,/Users/Rohin/Desktop/courses/EE122/EE-122-simulation/Final Test Outputs/loss/case01_delay-50ms_jitter-0ms_rate-50mbps_loss-0pct_corr-0pct_q417/cubic/cubic_50ms_0ms_50mbps_0_0_trial2.json,.meta.json,47.81511208691453,0.9563022417382906,1075838976.0,179.999825,57.0,0.3166669745373364,,,,,180,1.000145
20260509_163006,loss,case01_delay-50ms_jitter-0ms_rate-50mbps_loss-0pct_corr-0pct_q417,,cubic,cubic,3,50.0,0.0,50.0,0.0,0.0,417,/Users/Rohin/Desktop/courses/EE122/EE-122-simulation/Final Test Outputs/loss/case01_delay-50ms_jitter-0ms_rate-50mbps_loss-0pct_corr-0pct_q417/cubic/cubic_50ms_0ms_50mbps_0_0_trial3.json,.meta.json,47.82088198938896,0.9564176397877792,1075970048.0,180.000034,55.0,0.3055554978395171,,,,,180,1.000182
20260509_163006,loss,case01_delay-50ms_jitter-0ms_rate-50mbps_loss-0pct_corr-0pct_q417,,cubic,cubic,4,50.0,0.0,50.0,0.0,0.0,417,/Users/Rohin/Desktop/courses/EE122/EE-122-simulation/Final Test Outputs/loss/case01_delay-50ms_jitter-0ms_rate-50mbps_loss-0pct_corr-0pct_q417/cubic/cubic_50ms_0ms_50mbps_0_0_trial4.json,.meta.json,47.82094628198237,0.9564189256396475,1075970048.0,179.999792,58.0,0.32222259456833147,,,,,180,1.000259
20260509_163006,loss,case01_delay-50ms_jitter-0ms_rate-50mbps_loss-0pct_corr-0pct_q417,,cubic,cubic,5,50.0,0.0,50.0,0.0,0.0,417,/Users/Rohin/Desktop/courses/EE122/EE-122-simulation/Final Test Outputs/loss/case01_delay-50ms_jitter-0ms_rate-50mbps_loss-0pct_corr-0pct_q417/cubic/cubic_50ms_0ms_50mbps_0_0_trial5.json,.meta.json,47.82092130880572,0.9564184261761145,1075970048.0,179.999886,51.0,0.2833335127778914,,,,,180,1.000178
20260509_163006,loss,case01_delay-50ms_jitter-0ms_rate-50mbps_loss-0pct_corr-0pct_q417,,reno,reno,1,50.0,0.0,50.0,0.0,0.0,417,/Users/Rohin/Desktop/courses/EE122/EE-122-simulation/Final Test Outputs/loss/case01_delay-50ms_jitter-0ms_rate-50mbps_loss-0pct_corr-0pct_q417/reno/reno_50ms_0ms_50mbps_0_0_trial1.json,.meta.json,47.791817013130014,0.9558363402626003,1075314688.0,179.9998,18.0,0.10000011111123457,,,,,180,1.000192
20260509_163006,loss,case01_delay-50ms_jitter-0ms_rate-50mbps_loss-0pct_corr-0pct_q417,,reno,reno,2,50.0,0.0,50.0,0.0,0.0,417,/Users/Rohin/Desktop/courses/EE122/EE-122-simulation/Final Test Outputs/loss/case01_delay-50ms_jitter-0ms_rate-50mbps_loss-0pct_corr-0pct_q417/reno/reno_50ms_0ms_50mbps_0_0_trial2.json,.meta.json,47.791765504169966,0.9558353100833993,1075314688.0,179.999994,19.0,0.1055555590740742,,,,,180,1.000156
20260509_163006,loss,case01_delay-50ms_jitter-0ms_rate-50mbps_loss-0pct_corr-0pct_q417,,reno,reno,3,50.0,0.0,50.0,0.0,0.0,417,/Users/Rohin/Desktop/courses/EE122/EE-122-simulation/Final Test Outputs/loss/case01_delay-50ms_jitter-0ms_rate-50mbps_loss-0pct_corr-0pct_q417/reno/reno_50ms_0ms_50mbps_0_0_trial3.json,.meta.json,47.791817278640394,0.9558363455728078,1075314688.0,179.999799,23.0,0.1277779204631223,,,,,180,1.000163
20260509_163006,loss,case01_delay-50ms_jitter-0ms_rate-50mbps_loss-0pct_corr-0pct_q417,,reno,reno,4,50.0,0.0,50.0,0.0,0.0,417,/Users/Rohin/Desktop/courses/EE122/EE-122-simulation/Final Test Outputs/loss/case01_delay-50ms_jitter-0ms_rate-50mbps_loss-0pct_corr-0pct_q417/reno/reno_50ms_0ms_50mbps_0_0_trial4.json,.meta.json,47.8150754286544,0.956301508573088,1075838976.0,179.999963,20.0,0.11111113395062197,,,,,180,1.000147
20260509_163006,loss,case01_delay-50ms_jitter-0ms_rate-50mbps_loss-0pct_corr-0pct_q417,,reno,reno,5,50.0,0.0,50.0,0.0,0.0,417,/Users/Rohin/Desktop/courses/EE122/EE-122-simulation/Final Test Outputs/loss/case01_delay-50ms_jitter-0ms_rate-50mbps_loss-0pct_corr-0pct_q417/reno/reno_50ms_0ms_50mbps_0_0_trial5.json,.meta.json,47.78595255919714,0.9557190511839428,1075183616.0,179.999947,19.0,0.10555558663581162,,,,,180,1.000116
20260509_163006,loss,case01_delay-50ms_jitter-0ms_rate-50mbps_loss-0pct_corr-0pct_q417,,vegas,vegas,1,50.0,0.0,50.0,0.0,0.0,417,/Users/Rohin/Desktop/courses/EE122/EE-122-simulation/Final Test Outputs/loss/case01_delay-50ms_jitter-0ms_rate-50mbps_loss-0pct_corr-0pct_q417/vegas/vegas_50ms_0ms_50mbps_0_0_trial1.json,.meta.json,47.809259301481504,0.9561851860296301,1075707904.0,179.999928,0.0,0.0,,,,,180,1.00018
20260509_163006,loss,case01_delay-50ms_jitter-0ms_rate-50mbps_loss-0pct_corr-0pct_q417,,vegas,vegas,2,50.0,0.0,50.0,0.0,0.0,417,/Users/Rohin/Desktop/courses/EE122/EE-122-simulation/Final Test Outputs/loss/case01_delay-50ms_jitter-0ms_rate-50mbps_loss-0pct_corr-0pct_q417/vegas/vegas_50ms_0ms_50mbps_0_0_trial2.json,.meta.json,47.80901361617436,0.9561802723234872,1075707904.0,180.000853,0.0,0.0,,,,,180,1.000178
20260509_163006,loss,case01_delay-50ms_jitter-0ms_rate-50mbps_loss-0pct_corr-0pct_q417,,vegas,vegas,3,50.0,0.0,50.0,0.0,0.0,417,/Users/Rohin/Desktop/courses/EE122/EE-122-simulation/Final Test Outputs/loss/case01_delay-50ms_jitter-0ms_rate-50mbps_loss-0pct_corr-0pct_q417/vegas/vegas_50ms_0ms_50mbps_0_0_trial3.json,.meta.json,47.80929728332731,0.9561859456665462,1075707904.0,179.999785,0.0,0.0,,,,,180,1.000196
20260509_163006,loss,case01_delay-50ms_jitter-0ms_rate-50mbps_loss-0pct_corr-0pct_q417,,vegas,vegas,4,50.0,0.0,50.0,0.0,0.0,417,/Users/Rohin/Desktop/courses/EE122/EE-122-simulation/Final Test Outputs/loss/case01_delay-50ms_jitter-0ms_rate-50mbps_loss-0pct_corr-0pct_q417/vegas/vegas_50ms_0ms_50mbps_0_0_trial4.json,.meta.json,47.80349097556616,0.9560698195113233,1075576832.0,179.999713,0.0,0.0,,,,,180,1.000177
20260509_163006,loss,case01_delay-50ms_jitter-0ms_rate-50mbps_loss-0pct_corr-0pct_q417,,vegas,vegas,5,50.0,0.0,50.0,0.0,0.0,417,/Users/Rohin/Desktop/courses/EE122/EE-122-simulation/Final Test Outputs/loss/case01_delay-50ms_jitter-0ms_rate-50mbps_loss-0pct_corr-0pct_q417/vegas/vegas_50ms_0ms_50mbps_0_0_trial5.json,.meta.json,47.809230615931654,0.956184612318633,1075707904.0,180.000036,0.0,0.0,,,,,180,1.000178
20260509_163006,loss,case02_delay-50ms_jitter-0ms_rate-50mbps_loss-0p01pct_corr-0pct_q417,,bbrv3,bbr,1,50.0,0.0,50.0,0.01,0.0,417,/Users/Rohin/Desktop/courses/EE122/EE-122-simulation/Final Test Outputs/loss/case02_delay-50ms_jitter-0ms_rate-50mbps_loss-0p01pct_corr-0pct_q417/bbrv3/bbrv3_50ms_0ms_50mbps_0.01_0_trial1.json,.meta.json,47.04004924419822,0.9408009848839645,1058406400.0,180.0009,87.0,0.48333091667874994,,,,,180,2.000972
20260509_163006,loss,case02_delay-50ms_jitter-0ms_rate-50mbps_loss-0p01pct_corr-0pct_q417,,bbrv3,bbr,2,50.0,0.0,50.0,0.01,0.0,417,/Users/Rohin/Desktop/courses/EE122/EE-122-simulation/Final Test Outputs/loss/case02_delay-50ms_jitter-0ms_rate-50mbps_loss-0p01pct_corr-0pct_q417/bbrv3/bbrv3_50ms_0ms_50mbps_0.01_0_trial2.json,.meta.json,47.17427492130027,0.9434854984260054,1061421056.0,179.999978,69.0,0.3833333801851909,,,,,180,1.000152
20260509_163006,loss,case02_delay-50ms_jitter-0ms_rate-50mbps_loss-0p01pct_corr-0pct_q417,,bbrv3,bbr,3,50.0,0.0,50.0,0.01,0.0,417,/Users/Rohin/Desktop/courses/EE122/EE-122-simulation/Final Test Outputs/loss/case02_delay-50ms_jitter-0ms_rate-50mbps_loss-0p01pct_corr-0pct_q417/bbrv3/bbrv3_50ms_0ms_50mbps_0.01_0_trial3.json,.meta.json,46.8945345183297,0.937890690366594,1055129600.0,180.000439,68.0,0.37777685642200015,,,,,180,1.000068
20260509_163006,loss,case02_delay-50ms_jitter-0ms_rate-50mbps_loss-0p01pct_corr-0pct_q417,,bbrv3,bbr,4,50.0,0.0,50.0,0.01,0.0,417,/Users/Rohin/Desktop/courses/EE122/EE-122-simulation/Final Test Outputs/loss/case02_delay-50ms_jitter-0ms_rate-50mbps_loss-0p01pct_corr-0pct_q417/bbrv3/bbrv3_50ms_0ms_50mbps_0.01_0_trial4.json,.meta.json,47.09273495942778,0.9418546991885556,1059586048.0,179.999917,65.0,0.36111127762353357,,,,,180,1.000059
20260509_163006,loss,case02_delay-50ms_jitter-0ms_rate-50mbps_loss-0p01pct_corr-0pct_q417,,bbrv3,bbr,5,50.0,0.0,50.0,0.01,0.0,417,/Users/Rohin/Desktop/courses/EE122/EE-122-simulation/Final Test Outputs/loss/case02_delay-50ms_jitter-0ms_rate-50mbps_loss-0p01pct_corr-0pct_q417/bbrv3/bbrv3_50ms_0ms_50mbps_0.01_0_trial5.json,.meta.json,46.9412637411978,0.9388252748239561,1056178176.0,179.999956,82.0,0.4555556669136075,,,,,180,1.000146
20260509_163006,loss,case02_delay-50ms_jitter-0ms_rate-50mbps_loss-0p01pct_corr-0pct_q417,,cubic,cubic,1,50.0,0.0,50.0,0.01,0.0,417,/Users/Rohin/Desktop/courses/EE122/EE-122-simulation/Final Test Outputs/loss/case02_delay-50ms_jitter-0ms_rate-50mbps_loss-0p01pct_corr-0pct_q417/cubic/cubic_50ms_0ms_50mbps_0.01_0_trial1.json,.meta.json,27.903508136214597,0.558070162724292,627834880.0,180.001705,52.0,0.28888615249505556,,,,,180,1.000133
20260509_163006,loss,case02_delay-50ms_jitter-0ms_rate-50mbps_loss-0p01pct_corr-0pct_q417,,cubic,cubic,2,50.0,0.0,50.0,0.01,0.0,417,/Users/Rohin/Desktop/courses/EE122/EE-122-simulation/Final Test Outputs/loss/case02_delay-50ms_jitter-0ms_rate-50mbps_loss-0p01pct_corr-0pct_q417/cubic/cubic_50ms_0ms_50mbps_0.01_0_trial2.json,.meta.json,31.002921869004165,0.6200584373800833,697565184.0,179.999856,49.0,0.2722224400001742,,,,,180,1.000235
20260509_163006,loss,case02_delay-50ms_jitter-0ms_rate-50mbps_loss-0p01pct_corr-0pct_q417,,cubic,cubic,3,50.0,0.0,50.0,0.01,0.0,417,/Users/Rohin/Desktop/courses/EE122/EE-122-simulation/Final Test Outputs/loss/case02_delay-50ms_jitter-0ms_rate-50mbps_loss-0p01pct_corr-0pct_q417/cubic/cubic_50ms_0ms_50mbps_0.01_0_trial3.json,.meta.json,31.870983954889063,0.6374196790977813,717094912.0,179.999441,58.0,0.32222322290434224,,,,,180,4.00005
20260509_163006,loss,case02_delay-50ms_jitter-0ms_rate-50mbps_loss-0p01pct_corr-0pct_q417,,cubic,cubic,4,50.0,0.0,50.0,0.01,0.0,417,/Users/Rohin/Desktop/courses/EE122/EE-122-simulation/Final Test Outputs/loss/case02_delay-50ms_jitter-0ms_rate-50mbps_loss-0p01pct_corr-0pct_q417/cubic/cubic_50ms_0ms_50mbps_0.01_0_trial4.json,.meta.json,32.05731718899058,0.6411463437798116,721289216.0,179.999895,45.0,0.2500001458334184,,,,,180,26.00095
20260509_163006,loss,case02_delay-50ms_jitter-0ms_rate-50mbps_loss-0p01pct_corr-0pct_q417,,cubic,cubic,5,50.0,0.0,50.0,0.01,0.0,417,/Users/Rohin/Desktop/courses/EE122/EE-122-simulation/Final Test Outputs/loss/case02_delay-50ms_jitter-0ms_rate-50mbps_loss-0p01pct_corr-0pct_q417/cubic/cubic_50ms_0ms_50mbps_0.01_0_trial5.json,.meta.json,28.527099753997163,0.5705419950799433,641859584.0,179.999955,52.0,0.28888896111112916,,,,,180,1.000381
20260509_163006,loss,case02_delay-50ms_jitter-0ms_rate-50mbps_loss-0p01pct_corr-0pct_q417,,reno,reno,1,50.0,0.0,50.0,0.01,0.0,417,/Users/Rohin/Desktop/courses/EE122/EE-122-simulation/Final Test Outputs/loss/case02_delay-50ms_jitter-0ms_rate-50mbps_loss-0p01pct_corr-0pct_q417/reno/reno_50ms_0ms_50mbps_0.01_0_trial1.json,.meta.json,27.134832539763426,0.5426966507952685,610533376.0,179.999895,46.0,0.25555570462971655,,,,,180,5.000264
20260509_163006,loss,case02_delay-50ms_jitter-0ms_rate-50mbps_loss-0p01pct_corr-0pct_q417,,reno,reno,2,50.0,0.0,50.0,0.01,0.0,417,/Users/Rohin/Desktop/courses/EE122/EE-122-simulation/Final Test Outputs/loss/case02_delay-50ms_jitter-0ms_rate-50mbps_loss-0p01pct_corr-0pct_q417/reno/reno_50ms_0ms_50mbps_0.01_0_trial2.json,.meta.json,32.954421566636384,0.6590884313327277,741474304.0,179.999956,37.0,0.20555560580248142,,,,,180,15.000052
20260509_163006,loss,case02_delay-50ms_jitter-0ms_rate-50mbps_loss-0p01pct_corr-0pct_q417,,reno,reno,3,50.0,0.0,50.0,0.01,0.0,417,/Users/Rohin/Desktop/courses/EE122/EE-122-simulation/Final Test Outputs/loss/case02_delay-50ms_jitter-0ms_rate-50mbps_loss-0p01pct_corr-0pct_q417/reno/reno_50ms_0ms_50mbps_0.01_0_trial3.json,.meta.json,28.9465178761746,0.578930357523492,651296768.0,180.000032,43.0,0.23888884641976063,,,,,180,2.000031
20260509_163006,loss,case02_delay-50ms_jitter-0ms_rate-50mbps_loss-0p01pct_corr-0pct_q417,,reno,reno,4,50.0,0.0,50.0,0.01,0.0,417,/Users/Rohin/Desktop/courses/EE122/EE-122-simulation/Final Test Outputs/loss/case02_delay-50ms_jitter-0ms_rate-50mbps_loss-0p01pct_corr-0pct_q417/reno/reno_50ms_0ms_50mbps_0.01_0_trial4.json,.meta.json,28.719491108283936,0.5743898221656787,646184960.0,179.999,43.0,0.23889021605675587,,,,,180,3.001294
20260509_163006,loss,case02_delay-50ms_jitter-0ms_rate-50mbps_loss-0p01pct_corr-0pct_q417,,reno,reno,5,50.0,0.0,50.0,0.01,0.0,417,/Users/Rohin/Desktop/courses/EE122/EE-122-simulation/Final Test Outputs/loss/case02_delay-50ms_jitter-0ms_rate-50mbps_loss-0p01pct_corr-0pct_q417/reno/reno_50ms_0ms_50mbps_0.01_0_trial5.json,.meta.json,26.296094111694607,0.5259218822338921,591659008.0,179.999054,45.0,0.25000131389579416,,,,,180,6.000351
20260509_163006,loss,case02_delay-50ms_jitter-0ms_rate-50mbps_loss-0p01pct_corr-0pct_q417,,vegas,vegas,1,50.0,0.0,50.0,0.01,0.0,417,/Users/Rohin/Desktop/courses/EE122/EE-122-simulation/Final Test Outputs/loss/case02_delay-50ms_jitter-0ms_rate-50mbps_loss-0p01pct_corr-0pct_q417/vegas/vegas_50ms_0ms_50mbps_0.01_0_trial1.json,.meta.json,23.29003416277208,0.4658006832554416,524025856.0,180.00003,41.0,0.22777773981482113,,,,,180,7.000504
20260509_163006,loss,case02_delay-50ms_jitter-0ms_rate-50mbps_loss-0p01pct_corr-0pct_q417,,vegas,vegas,2,50.0,0.0,50.0,0.01,0.0,417,/Users/Rohin/Desktop/courses/EE122/EE-122-simulation/Final Test Outputs/loss/case02_delay-50ms_jitter-0ms_rate-50mbps_loss-0p01pct_corr-0pct_q417/vegas/vegas_50ms_0ms_50mbps_0.01_0_trial2.json,.meta.json,9.932287281622656,0.19864574563245313,223477760.0,180.001044,12.0,0.06666628000224264,,,,,180,1.001046
20260509_163006,loss,case02_delay-50ms_jitter-0ms_rate-50mbps_loss-0p01pct_corr-0pct_q417,,vegas,vegas,3,50.0,0.0,50.0,0.01,0.0,417,/Users/Rohin/Desktop/courses/EE122/EE-122-simulation/Final Test Outputs/loss/case02_delay-50ms_jitter-0ms_rate-50mbps_loss-0p01pct_corr-0pct_q417/vegas/vegas_50ms_0ms_50mbps_0.01_0_trial3.json,.meta.json,24.41440706134253,0.4882881412268506,549322752.0,179.999539,36.0,0.20000051222353407,,,,,180,5.999892
20260509_163006,loss,case02_delay-50ms_jitter-0ms_rate-50mbps_loss-0p01pct_corr-0pct_q417,,vegas,vegas,4,50.0,0.0,50.0,0.01,0.0,417,/Users/Rohin/Desktop/courses/EE122/EE-122-simulation/Final Test Outputs/loss/case02_delay-50ms_jitter-0ms_rate-50mbps_loss-0p01pct_corr-0pct_q417/vegas/vegas_50ms_0ms_50mbps_0.01_0_trial4.json,.meta.json,23.76768331794651,0.47535366635893017,534773760.0,180.000298,37.0,0.205555215247477,,,,,180,1.000241
20260509_163006,loss,case02_delay-50ms_jitter-0ms_rate-50mbps_loss-0p01pct_corr-0pct_q417,,vegas,vegas,5,50.0,0.0,50.0,0.01,0.0,417,/Users/Rohin/Desktop/courses/EE122/EE-122-simulation/Final Test Outputs/loss/case02_delay-50ms_jitter-0ms_rate-50mbps_loss-0p01pct_corr-0pct_q417/vegas/vegas_50ms_0ms_50mbps_0.01_0_trial5.json,.meta.json,25.62038599136432,0.5124077198272864,576454656.0,179.998742,32.0,0.17777902025559714,,,,,180,4.000382
20260509_163006,loss,case03_delay-50ms_jitter-0ms_rate-50mbps_loss-0p1pct_corr-0pct_q417,,bbrv3,bbr,1,50.0,0.0,50.0,0.1,0.0,417,/Users/Rohin/Desktop/courses/EE122/EE-122-simulation/Final Test Outputs/loss/case03_delay-50ms_jitter-0ms_rate-50mbps_loss-0p1pct_corr-0pct_q417/bbrv3/bbrv3_50ms_0ms_50mbps_0.1_0_trial1.json,.meta.json,47.0982037461067,0.941964074922134,1059717120.0,180.00128,754.0,4.18885910144639,,,,,180,1.000187
20260509_163006,loss,case03_delay-50ms_jitter-0ms_rate-50mbps_loss-0p1pct_corr-0pct_q417,,bbrv3,bbr,2,50.0,0.0,50.0,0.1,0.0,417,/Users/Rohin/Desktop/courses/EE122/EE-122-simulation/Final Test Outputs/loss/case03_delay-50ms_jitter-0ms_rate-50mbps_loss-0p1pct_corr-0pct_q417/bbrv3/bbrv3_50ms_0ms_50mbps_0.1_0_trial2.json,.meta.json,46.94734163727632,0.9389468327455264,1056309248.0,179.998988,715.0,3.9722445550638317,,,,,180,4.000143
20260509_163006,loss,case03_delay-50ms_jitter-0ms_rate-50mbps_loss-0p1pct_corr-0pct_q417,,bbrv3,bbr,3,50.0,0.0,50.0,0.1,0.0,417,/Users/Rohin/Desktop/courses/EE122/EE-122-simulation/Final Test Outputs/loss/case03_delay-50ms_jitter-0ms_rate-50mbps_loss-0p1pct_corr-0pct_q417/bbrv3/bbrv3_50ms_0ms_50mbps_0.1_0_trial3.json,.meta.json,47.0228262031945,0.9404565240638899,1058013184.0,179.999931,736.0,4.088890456296897,,,,,180,1.0001
20260509_163006,loss,case03_delay-50ms_jitter-0ms_rate-50mbps_loss-0p1pct_corr-0pct_q417,,bbrv3,bbr,4,50.0,0.0,50.0,0.1,0.0,417,/Users/Rohin/Desktop/courses/EE122/EE-122-simulation/Final Test Outputs/loss/case03_delay-50ms_jitter-0ms_rate-50mbps_loss-0p1pct_corr-0pct_q417/bbrv3/bbrv3_50ms_0ms_50mbps_0.1_0_trial4.json,.meta.json,46.95292554417554,0.9390585108835109,1056440320.0,179.999914,796.0,4.422224335062738,,,,,180,1.000178
20260509_163006,loss,case03_delay-50ms_jitter-0ms_rate-50mbps_loss-0p1pct_corr-0pct_q417,,bbrv3,bbr,5,50.0,0.0,50.0,0.1,0.0,417,/Users/Rohin/Desktop/courses/EE122/EE-122-simulation/Final Test Outputs/loss/case03_delay-50ms_jitter-0ms_rate-50mbps_loss-0p1pct_corr-0pct_q417/bbrv3/bbrv3_50ms_0ms_50mbps_0.1_0_trial5.json,.meta.json,46.94711420331104,0.9389422840662207,1056309248.0,179.99986,758.0,4.211114386422301,,,,,180,1.000023
20260509_163006,loss,case03_delay-50ms_jitter-0ms_rate-50mbps_loss-0p1pct_corr-0pct_q417,,cubic,cubic,1,50.0,0.0,50.0,0.1,0.0,417,/Users/Rohin/Desktop/courses/EE122/EE-122-simulation/Final Test Outputs/loss/case03_delay-50ms_jitter-0ms_rate-50mbps_loss-0p1pct_corr-0pct_q417/cubic/cubic_50ms_0ms_50mbps_0.1_0_trial1.json,.meta.json,8.94784212071315,0.178956842414263,201326592.0,180.000129,134.0,0.7444439109263083,,,,,180,1.001032
20260509_163006,loss,case03_delay-50ms_jitter-0ms_rate-50mbps_loss-0p1pct_corr-0pct_q417,,cubic,cubic,2,50.0,0.0,50.0,0.1,0.0,417,/Users/Rohin/Desktop/courses/EE122/EE-122-simulation/Final Test Outputs/loss/case03_delay-50ms_jitter-0ms_rate-50mbps_loss-0p1pct_corr-0pct_q417/cubic/cubic_50ms_0ms_50mbps_0.1_0_trial2.json,.meta.json,8.45270896405483,0.1690541792810966,190185472.0,179.999546,135.0,0.7500018916714378,,,,,180,9.001051
20260509_163006,loss,case03_delay-50ms_jitter-0ms_rate-50mbps_loss-0p1pct_corr-0pct_q417,,cubic,cubic,3,50.0,0.0,50.0,0.1,0.0,417,/Users/Rohin/Desktop/courses/EE122/EE-122-simulation/Final Test Outputs/loss/case03_delay-50ms_jitter-0ms_rate-50mbps_loss-0p1pct_corr-0pct_q417/cubic/cubic_50ms_0ms_50mbps_0.1_0_trial3.json,.meta.json,8.371100806766464,0.16742201613532928,188350464.0,180.000665,140.0,0.7777749043316035,,,,,180,14.001074
20260509_163006,loss,case03_delay-50ms_jitter-0ms_rate-50mbps_loss-0p1pct_corr-0pct_q417,,cubic,cubic,4,50.0,0.0,50.0,0.1,0.0,417,/Users/Rohin/Desktop/courses/EE122/EE-122-simulation/Final Test Outputs/loss/case03_delay-50ms_jitter-0ms_rate-50mbps_loss-0p1pct_corr-0pct_q417/cubic/cubic_50ms_0ms_50mbps_0.1_0_trial4.json,.meta.json,7.910874242458872,0.15821748484917744,177995776.0,180.001118,139.0,0.7722174258939881,,,,,180,1.001084
20260509_163006,loss,case03_delay-50ms_jitter-0ms_rate-50mbps_loss-0p1pct_corr-0pct_q417,,cubic,cubic,5,50.0,0.0,50.0,0.1,0.0,417,/Users/Rohin/Desktop/courses/EE122/EE-122-simulation/Final Test Outputs/loss/case03_delay-50ms_jitter-0ms_rate-50mbps_loss-0p1pct_corr-0pct_q417/cubic/cubic_50ms_0ms_50mbps_0.1_0_trial5.json,.meta.json,8.4643177513104,0.169286355026208,190447616.0,180.000441,139.0,0.7722203302824131,,,,,180,1.000464
20260509_163006,loss,case03_delay-50ms_jitter-0ms_rate-50mbps_loss-0p1pct_corr-0pct_q417,,reno,reno,1,50.0,0.0,50.0,0.1,0.0,417,/Users/Rohin/Desktop/courses/EE122/EE-122-simulation/Final Test Outputs/loss/case03_delay-50ms_jitter-0ms_rate-50mbps_loss-0p1pct_corr-0pct_q417/reno/reno_50ms_0ms_50mbps_0.1_0_trial1.json,.meta.json,8.411910576812783,0.16823821153625565,189267968.0,179.999981,141.0,0.7833334160185272,,,,,180,13.001462
20260509_163006,loss,case03_delay-50ms_jitter-0ms_rate-50mbps_loss-0p1pct_corr-0pct_q417,,reno,reno,2,50.0,0.0,50.0,0.1,0.0,417,/Users/Rohin/Desktop/courses/EE122/EE-122-simulation/Final Test Outputs/loss/case03_delay-50ms_jitter-0ms_rate-50mbps_loss-0p1pct_corr-0pct_q417/reno/reno_50ms_0ms_50mbps_0.1_0_trial2.json,.meta.json,9.513037101367084,0.1902607420273417,214040576.0,179.99768,128.0,0.7111202766613436,,,,,180,5.002953
20260509_163006,loss,case03_delay-50ms_jitter-0ms_rate-50mbps_loss-0p1pct_corr-0pct_q417,,reno,reno,3,50.0,0.0,50.0,0.1,0.0,417,/Users/Rohin/Desktop/courses/EE122/EE-122-simulation/Final Test Outputs/loss/case03_delay-50ms_jitter-0ms_rate-50mbps_loss-0p1pct_corr-0pct_q417/reno/reno_50ms_0ms_50mbps_0.1_0_trial3.json,.meta.json,8.49338854609169,0.1698677709218338,191102976.0,180.001633,136.0,0.75554870104984,,,,,180,9.001139
20260509_163006,loss,case03_delay-50ms_jitter-0ms_rate-50mbps_loss-0p1pct_corr-0pct_q417,,reno,reno,4,50.0,0.0,50.0,0.1,0.0,417,/Users/Rohin/Desktop/courses/EE122/EE-122-simulation/Final Test Outputs/loss/case03_delay-50ms_jitter-0ms_rate-50mbps_loss-0p1pct_corr-0pct_q417/reno/reno_50ms_0ms_50mbps_0.1_0_trial4.json,.meta.json,8.8487824843826,0.176975649687652,199098368.0,180.000689,131.0,0.7277749920168362,,,,,180,18.000119
20260509_163006,loss,case03_delay-50ms_jitter-0ms_rate-50mbps_loss-0p1pct_corr-0pct_q417,,reno,reno,5,50.0,0.0,50.0,0.1,0.0,417,/Users/Rohin/Desktop/courses/EE122/EE-122-simulation/Final Test Outputs/loss/case03_delay-50ms_jitter-0ms_rate-50mbps_loss-0p1pct_corr-0pct_q417/reno/reno_50ms_0ms_50mbps_0.1_0_trial5.json,.meta.json,9.291535591153544,0.18583071182307087,209059840.0,180.000249,134.0,0.7444434146310542,,,,,180,4.001074
20260509_163006,loss,case03_delay-50ms_jitter-0ms_rate-50mbps_loss-0p1pct_corr-0pct_q417,,vegas,vegas,1,50.0,0.0,50.0,0.1,0.0,417,/Users/Rohin/Desktop/courses/EE122/EE-122-simulation/Final Test Outputs/loss/case03_delay-50ms_jitter-0ms_rate-50mbps_loss-0p1pct_corr-0pct_q417/vegas/vegas_50ms_0ms_50mbps_0.1_0_trial1.json,.meta.json,8.81384242417145,0.17627684848342898,198311936.0,180.000437,142.0,0.7888869736466251,,,,,180,16.000942
20260509_163006,loss,case03_delay-50ms_jitter-0ms_rate-50mbps_loss-0p1pct_corr-0pct_q417,,vegas,vegas,2,50.0,0.0,50.0,0.1,0.0,417,/Users/Rohin/Desktop/courses/EE122/EE-122-simulation/Final Test Outputs/loss/case03_delay-50ms_jitter-0ms_rate-50mbps_loss-0p1pct_corr-0pct_q417/vegas/vegas_50ms_0ms_50mbps_0.1_0_trial2.json,.meta.json,8.98276059433977,0.1796552118867954,202113024.0,180.000811,143.0,0.7944408650469914,,,,,180,9.001816
20260509_163006,loss,case03_delay-50ms_jitter-0ms_rate-50mbps_loss-0p1pct_corr-0pct_q417,,vegas,vegas,3,50.0,0.0,50.0,0.1,0.0,417,/Users/Rohin/Desktop/courses/EE122/EE-122-simulation/Final Test Outputs/loss/case03_delay-50ms_jitter-0ms_rate-50mbps_loss-0p1pct_corr-0pct_q417/vegas/vegas_50ms_0ms_50mbps_0.1_0_trial3.json,.meta.json,9.134293304025974,0.18268586608051948,205520896.0,179.999384,139.0,0.7722248649473157,,,,,180,15.000106
20260509_163006,loss,case03_delay-50ms_jitter-0ms_rate-50mbps_loss-0p1pct_corr-0pct_q417,,vegas,vegas,4,50.0,0.0,50.0,0.1,0.0,417,/Users/Rohin/Desktop/courses/EE122/EE-122-simulation/Final Test Outputs/loss/case03_delay-50ms_jitter-0ms_rate-50mbps_loss-0p1pct_corr-0pct_q417/vegas/vegas_50ms_0ms_50mbps_0.1_0_trial4.json,.meta.json,8.674123708343046,0.1734824741668609,195166208.0,179.998547,147.0,0.8166732590346966,,,,,180,1.000713
20260509_163006,loss,case03_delay-50ms_jitter-0ms_rate-50mbps_loss-0p1pct_corr-0pct_q417,,vegas,vegas,5,50.0,0.0,50.0,0.1,0.0,417,/Users/Rohin/Desktop/courses/EE122/EE-122-simulation/Final Test Outputs/loss/case03_delay-50ms_jitter-0ms_rate-50mbps_loss-0p1pct_corr-0pct_q417/vegas/vegas_50ms_0ms_50mbps_0.1_0_trial5.json,.meta.json,8.69147085355375,0.173829417071075,195559424.0,180.001224,148.0,0.8222166311491304,,,,,180,1.00124
20260509_163006,loss,case04_delay-50ms_jitter-0ms_rate-50mbps_loss-0p5pct_corr-0pct_q417,,bbrv3,bbr,1,50.0,0.0,50.0,0.5,0.0,417,/Users/Rohin/Desktop/courses/EE122/EE-122-simulation/Final Test Outputs/loss/case04_delay-50ms_jitter-0ms_rate-50mbps_loss-0p5pct_corr-0pct_q417/bbrv3/bbrv3_50ms_0ms_50mbps_0.5_0_trial1.json,.meta.json,46.4693840309531,0.9293876806190621,1045561344.0,180.000035,3601.0,20.005551665587177,,,,,180,3.000092
20260509_163006,loss,case04_delay-50ms_jitter-0ms_rate-50mbps_loss-0p5pct_corr-0pct_q417,,bbrv3,bbr,2,50.0,0.0,50.0,0.5,0.0,417,/Users/Rohin/Desktop/courses/EE122/EE-122-simulation/Final Test Outputs/loss/case04_delay-50ms_jitter-0ms_rate-50mbps_loss-0p5pct_corr-0pct_q417/bbrv3/bbrv3_50ms_0ms_50mbps_0.5_0_trial2.json,.meta.json,46.54502891399677,0.9309005782799353,1047265280.0,180.000366,3644.0,20.24440328082444,,,,,180,1.000055
20260509_163006,loss,case04_delay-50ms_jitter-0ms_rate-50mbps_loss-0p5pct_corr-0pct_q417,,bbrv3,bbr,3,50.0,0.0,50.0,0.5,0.0,417,/Users/Rohin/Desktop/courses/EE122/EE-122-simulation/Final Test Outputs/loss/case04_delay-50ms_jitter-0ms_rate-50mbps_loss-0p5pct_corr-0pct_q417/bbrv3/bbrv3_50ms_0ms_50mbps_0.5_0_trial3.json,.meta.json,46.48656872018895,0.929731374403779,1045954560.0,180.001164,3707.0,20.594311267898245,,,,,180,1.000163
20260509_163006,loss,case04_delay-50ms_jitter-0ms_rate-50mbps_loss-0p5pct_corr-0pct_q417,,bbrv3,bbr,4,50.0,0.0,50.0,0.5,0.0,417,/Users/Rohin/Desktop/courses/EE122/EE-122-simulation/Final Test Outputs/loss/case04_delay-50ms_jitter-0ms_rate-50mbps_loss-0p5pct_corr-0pct_q417/bbrv3/bbrv3_50ms_0ms_50mbps_0.5_0_trial4.json,.meta.json,46.469177501315485,0.9293835500263097,1045561344.0,180.000835,3675.0,20.41657195645787,,,,,180,1.000151
20260509_163006,loss,case04_delay-50ms_jitter-0ms_rate-50mbps_loss-0p5pct_corr-0pct_q417,,bbrv3,bbr,5,50.0,0.0,50.0,0.5,0.0,417,/Users/Rohin/Desktop/courses/EE122/EE-122-simulation/Final Test Outputs/loss/case04_delay-50ms_jitter-0ms_rate-50mbps_loss-0p5pct_corr-0pct_q417/bbrv3/bbrv3_50ms_0ms_50mbps_0.5_0_trial5.json,.meta.json,46.47525489450523,0.9295050978901045,1045692416.0,179.999859,3610.0,20.05557126575305,,,,,180,1.000185
20260509_163006,loss,case04_delay-50ms_jitter-0ms_rate-50mbps_loss-0p5pct_corr-0pct_q417,,cubic,cubic,1,50.0,0.0,50.0,0.5,0.0,417,/Users/Rohin/Desktop/courses/EE122/EE-122-simulation/Final Test Outputs/loss/case04_delay-50ms_jitter-0ms_rate-50mbps_loss-0p5pct_corr-0pct_q417/cubic/cubic_50ms_0ms_50mbps_0.5_0_trial1.json,.meta.json,3.576823492124688,0.07153646984249376,80478208.0,179.999283,269.0,1.4944503973385272,,,,,180,1.001302
20260509_163006,loss,case04_delay-50ms_jitter-0ms_rate-50mbps_loss-0p5pct_corr-0pct_q417,,cubic,cubic,2,50.0,0.0,50.0,0.5,0.0,417,/Users/Rohin/Desktop/courses/EE122/EE-122-simulation/Final Test Outputs/loss/case04_delay-50ms_jitter-0ms_rate-50mbps_loss-0p5pct_corr-0pct_q417/cubic/cubic_50ms_0ms_50mbps_0.5_0_trial2.json,.meta.json,3.4894187998509114,0.06978837599701823,78512128.0,180.00047,282.0,1.5666625759366073,,,,,180,7.001008
20260509_163006,loss,case04_delay-50ms_jitter-0ms_rate-50mbps_loss-0p5pct_corr-0pct_q417,,cubic,cubic,3,50.0,0.0,50.0,0.5,0.0,417,/Users/Rohin/Desktop/courses/EE122/EE-122-simulation/Final Test Outputs/loss/case04_delay-50ms_jitter-0ms_rate-50mbps_loss-0p5pct_corr-0pct_q417/cubic/cubic_50ms_0ms_50mbps_0.5_0_trial3.json,.meta.json,3.61758591374723,0.0723517182749446,81395712.0,180.000064,273.0,1.516666127407599,,,,,180,1.001505
20260509_163006,loss,case04_delay-50ms_jitter-0ms_rate-50mbps_loss-0p5pct_corr-0pct_q417,,cubic,cubic,4,50.0,0.0,50.0,0.5,0.0,417,/Users/Rohin/Desktop/courses/EE122/EE-122-simulation/Final Test Outputs/loss/case04_delay-50ms_jitter-0ms_rate-50mbps_loss-0p5pct_corr-0pct_q417/cubic/cubic_50ms_0ms_50mbps_0.5_0_trial4.json,.meta.json,3.751553174187202,0.07503106348374404,84410368.0,180.000899,261.0,1.449992758091725,,,,,180,14.001116
20260509_163006,loss,case04_delay-50ms_jitter-0ms_rate-50mbps_loss-0p5pct_corr-0pct_q417,,cubic,cubic,5,50.0,0.0,50.0,0.5,0.0,417,/Users/Rohin/Desktop/courses/EE122/EE-122-simulation/Final Test Outputs/loss/case04_delay-50ms_jitter-0ms_rate-50mbps_loss-0p5pct_corr-0pct_q417/cubic/cubic_50ms_0ms_50mbps_0.5_0_trial5.json,.meta.json,3.4661455748683485,0.06932291149736697,77987840.0,179.998995,277.0,1.5388974810664915,,,,,180,1.001072
20260509_163006,loss,case04_delay-50ms_jitter-0ms_rate-50mbps_loss-0p5pct_corr-0pct_q417,,reno,reno,1,50.0,0.0,50.0,0.5,0.0,417,/Users/Rohin/Desktop/courses/EE122/EE-122-simulation/Final Test Outputs/loss/case04_delay-50ms_jitter-0ms_rate-50mbps_loss-0p5pct_corr-0pct_q417/reno/reno_50ms_0ms_50mbps_0.5_0_trial1.json,.meta.json,3.635068979854619,0.07270137959709239,81788928.0,179.999727,295.0,1.638891374540807,,,,,180,4.001512
20260509_163006,loss,case04_delay-50ms_jitter-0ms_rate-50mbps_loss-0p5pct_corr-0pct_q417,,reno,reno,2,50.0,0.0,50.0,0.5,0.0,417,/Users/Rohin/Desktop/courses/EE122/EE-122-simulation/Final Test Outputs/loss/case04_delay-50ms_jitter-0ms_rate-50mbps_loss-0p5pct_corr-0pct_q417/reno/reno_50ms_0ms_50mbps_0.5_0_trial2.json,.meta.json,3.8272789472851176,0.07654557894570235,86114304.0,180.001103,284.0,1.5777681095654175,,,,,180,8.001372
20260509_163006,loss,case04_delay-50ms_jitter-0ms_rate-50mbps_loss-0p5pct_corr-0pct_q417,,reno,reno,3,50.0,0.0,50.0,0.5,0.0,417,/Users/Rohin/Desktop/courses/EE122/EE-122-simulation/Final Test Outputs/loss/case04_delay-50ms_jitter-0ms_rate-50mbps_loss-0p5pct_corr-0pct_q417/reno/reno_50ms_0ms_50mbps_0.5_0_trial3.json,.meta.json,3.7690561556133075,0.07538112311226615,84803584.0,179.999619,279.0,1.5500032808402777,,,,,180,7.002316
20260509_163006,loss,case04_delay-50ms_jitter-0ms_rate-50mbps_loss-0p5pct_corr-0pct_q417,,reno,reno,4,50.0,0.0,50.0,0.5,0.0,417,/Users/Rohin/Desktop/courses/EE122/EE-122-simulation/Final Test Outputs/loss/case04_delay-50ms_jitter-0ms_rate-50mbps_loss-0p5pct_corr-0pct_q417/reno/reno_50ms_0ms_50mbps_0.5_0_trial4.json,.meta.json,3.5709935829380157,0.07141987165876032,80347136.0,179.999508,305.0,1.6944490759385855,,,,,180,4.000496
20260509_163006,loss,case04_delay-50ms_jitter-0ms_rate-50mbps_loss-0p5pct_corr-0pct_q417,,reno,reno,5,50.0,0.0,50.0,0.5,0.0,417,/Users/Rohin/Desktop/courses/EE122/EE-122-simulation/Final Test Outputs/loss/case04_delay-50ms_jitter-0ms_rate-50mbps_loss-0p5pct_corr-0pct_q417/reno/reno_50ms_0ms_50mbps_0.5_0_trial5.json,.meta.json,3.728269497280931,0.07456538994561862,83886080.0,180.000035,295.0,1.6388885702161113,,,,,180,10.001056
20260509_163006,loss,case04_delay-50ms_jitter-0ms_rate-50mbps_loss-0p5pct_corr-0pct_q417,,vegas,vegas,1,50.0,0.0,50.0,0.5,0.0,417,/Users/Rohin/Desktop/courses/EE122/EE-122-simulation/Final Test Outputs/loss/case04_delay-50ms_jitter-0ms_rate-50mbps_loss-0p5pct_corr-0pct_q417/vegas/vegas_50ms_0ms_50mbps_0.5_0_trial1.json,.meta.json,3.611717574367687,0.07223435148735374,81264640.0,180.002203,300.0,1.666646268768166,,,,,180,20.001331
20260509_163006,loss,case04_delay-50ms_jitter-0ms_rate-50mbps_loss-0p5pct_corr-0pct_q417,,vegas,vegas,2,50.0,0.0,50.0,0.5,0.0,417,/Users/Rohin/Desktop/courses/EE122/EE-122-simulation/Final Test Outputs/loss/case04_delay-50ms_jitter-0ms_rate-50mbps_loss-0p5pct_corr-0pct_q417/vegas/vegas_50ms_0ms_50mbps_0.5_0_trial2.json,.meta.json,3.798171490717398,0.07596342981434795,85458944.0,180.00018,288.0,1.5999984000016,,,,,180,1.001673
20260509_163006,loss,case04_delay-50ms_jitter-0ms_rate-50mbps_loss-0p5pct_corr-0pct_q417,,vegas,vegas,3,50.0,0.0,50.0,0.5,0.0,417,/Users/Rohin/Desktop/courses/EE122/EE-122-simulation/Final Test Outputs/loss/case04_delay-50ms_jitter-0ms_rate-50mbps_loss-0p5pct_corr-0pct_q417/vegas/vegas_50ms_0ms_50mbps_0.5_0_trial3.json,.meta.json,3.798156635719633,0.07596313271439266,85458944.0,180.000884,280.0,1.5555479160869008,,,,,180,3.001264
20260509_163006,loss,case04_delay-50ms_jitter-0ms_rate-50mbps_loss-0p5pct_corr-0pct_q417,,vegas,vegas,4,50.0,0.0,50.0,0.5,0.0,417,/Users/Rohin/Desktop/courses/EE122/EE-122-simulation/Final Test Outputs/loss/case04_delay-50ms_jitter-0ms_rate-50mbps_loss-0p5pct_corr-0pct_q417/vegas/vegas_50ms_0ms_50mbps_0.5_0_trial4.json,.meta.json,3.4719601507468134,0.06943920301493627,78118912.0,179.999559,312.0,1.7333375800104043,,,,,180,4.000579
20260509_163006,loss,case04_delay-50ms_jitter-0ms_rate-50mbps_loss-0p5pct_corr-0pct_q417,,vegas,vegas,5,50.0,0.0,50.0,0.5,0.0,417,/Users/Rohin/Desktop/courses/EE122/EE-122-simulation/Final Test Outputs/loss/case04_delay-50ms_jitter-0ms_rate-50mbps_loss-0p5pct_corr-0pct_q417/vegas/vegas_50ms_0ms_50mbps_0.5_0_trial5.json,.meta.json,3.815665207157741,0.07631330414315482,85852160.0,179.999356,287.0,1.5944501490327554,,,,,180,5.001207
20260509_163006,loss,case05_delay-50ms_jitter-0ms_rate-50mbps_loss-1pct_corr-0pct_q417,,bbrv3,bbr,1,50.0,0.0,50.0,1.0,0.0,417,/Users/Rohin/Desktop/courses/EE122/EE-122-simulation/Final Test Outputs/loss/case05_delay-50ms_jitter-0ms_rate-50mbps_loss-1pct_corr-0pct_q417/bbrv3/bbrv3_50ms_0ms_50mbps_1_0_trial1.json,.meta.json,46.19004147207456,0.9238008294414912,1039269888.0,179.998953,7268.0,40.378012643217986,,,,,180,1.001027
20260509_163006,loss,case05_delay-50ms_jitter-0ms_rate-50mbps_loss-1pct_corr-0pct_q417,,bbrv3,bbr,2,50.0,0.0,50.0,1.0,0.0,417,/Users/Rohin/Desktop/courses/EE122/EE-122-simulation/Final Test Outputs/loss/case05_delay-50ms_jitter-0ms_rate-50mbps_loss-1pct_corr-0pct_q417/bbrv3/bbrv3_50ms_0ms_50mbps_1_0_trial2.json,.meta.json,46.19559154952567,0.9239118309905134,1039400960.0,180.000026,7299.0,40.54999414277862,,,,,180,1.000162
20260509_163006,loss,case05_delay-50ms_jitter-0ms_rate-50mbps_loss-1pct_corr-0pct_q417,,bbrv3,bbr,3,50.0,0.0,50.0,1.0,0.0,417,/Users/Rohin/Desktop/courses/EE122/EE-122-simulation/Final Test Outputs/loss/case05_delay-50ms_jitter-0ms_rate-50mbps_loss-1pct_corr-0pct_q417/bbrv3/bbrv3_50ms_0ms_50mbps_1_0_trial3.json,.meta.json,46.119878750859925,0.9223975750171985,1037697024.0,179.999957,7242.0,40.23334294463193,,,,,180,1.001013
20260509_163006,loss,case05_delay-50ms_jitter-0ms_rate-50mbps_loss-1pct_corr-0pct_q417,,bbrv3,bbr,4,50.0,0.0,50.0,1.0,0.0,417,/Users/Rohin/Desktop/courses/EE122/EE-122-simulation/Final Test Outputs/loss/case05_delay-50ms_jitter-0ms_rate-50mbps_loss-1pct_corr-0pct_q417/bbrv3/bbrv3_50ms_0ms_50mbps_1_0_trial4.json,.meta.json,46.184163160451206,0.9236832632090242,1039138816.0,179.999159,7322.0,40.67796783428305,,,,,180,1.001059
20260509_163006,loss,case05_delay-50ms_jitter-0ms_rate-50mbps_loss-1pct_corr-0pct_q417,,bbrv3,bbr,5,50.0,0.0,50.0,1.0,0.0,417,/Users/Rohin/Desktop/courses/EE122/EE-122-simulation/Final Test Outputs/loss/case05_delay-50ms_jitter-0ms_rate-50mbps_loss-1pct_corr-0pct_q417/bbrv3/bbrv3_50ms_0ms_50mbps_1_0_trial5.json,.meta.json,46.16066697408532,0.9232133394817065,1038614528.0,179.999917,7296.0,40.53335202371232,,,,,180,1.000047
20260509_163006,loss,case05_delay-50ms_jitter-0ms_rate-50mbps_loss-1pct_corr-0pct_q417,,cubic,cubic,1,50.0,0.0,50.0,1.0,0.0,417,/Users/Rohin/Desktop/courses/EE122/EE-122-simulation/Final Test Outputs/loss/case05_delay-50ms_jitter-0ms_rate-50mbps_loss-1pct_corr-0pct_q417/cubic/cubic_50ms_0ms_50mbps_1_0_trial1.json,.meta.json,2.2369479535688055,0.04473895907137611,50331648.0,180.001141,364.0,2.0222094036615026,,,,,180,1.000371
20260509_163006,loss,case05_delay-50ms_jitter-0ms_rate-50mbps_loss-1pct_corr-0pct_q417,,cubic,cubic,2,50.0,0.0,50.0,1.0,0.0,417,/Users/Rohin/Desktop/courses/EE122/EE-122-simulation/Final Test Outputs/loss/case05_delay-50ms_jitter-0ms_rate-50mbps_loss-1pct_corr-0pct_q417/cubic/cubic_50ms_0ms_50mbps_1_0_trial2.json,.meta.json,2.353462536780777,0.04706925073561554,52953088.0,180.000615,341.0,1.8944379717813742,,,,,180,59.001055
20260509_163006,loss,case05_delay-50ms_jitter-0ms_rate-50mbps_loss-1pct_corr-0pct_q417,,cubic,cubic,3,50.0,0.0,50.0,1.0,0.0,417,/Users/Rohin/Desktop/courses/EE122/EE-122-simulation/Final Test Outputs/loss/case05_delay-50ms_jitter-0ms_rate-50mbps_loss-1pct_corr-0pct_q417/cubic/cubic_50ms_0ms_50mbps_1_0_trial3.json,.meta.json,2.3243548430923155,0.04648709686184631,52297728.0,179.999119,368.0,2.0444544509131735,,,,,180,6.00262
20260509_163006,loss,case05_delay-50ms_jitter-0ms_rate-50mbps_loss-1pct_corr-0pct_q417,,cubic,cubic,4,50.0,0.0,50.0,1.0,0.0,417,/Users/Rohin/Desktop/courses/EE122/EE-122-simulation/Final Test Outputs/loss/case05_delay-50ms_jitter-0ms_rate-50mbps_loss-1pct_corr-0pct_q417/cubic/cubic_50ms_0ms_50mbps_1_0_trial4.json,.meta.json,2.207828423268379,0.044156568465367585,49676288.0,180.000538,380.0,2.1111048012534273,,,,,180,1.002067
20260509_163006,loss,case05_delay-50ms_jitter-0ms_rate-50mbps_loss-1pct_corr-0pct_q417,,cubic,cubic,5,50.0,0.0,50.0,1.0,0.0,417,/Users/Rohin/Desktop/courses/EE122/EE-122-simulation/Final Test Outputs/loss/case05_delay-50ms_jitter-0ms_rate-50mbps_loss-1pct_corr-0pct_q417/cubic/cubic_50ms_0ms_50mbps_1_0_trial5.json,.meta.json,2.3243462042299736,0.04648692408459947,52297728.0,179.999788,369.0,2.050002414447288,,,,,180,7.002415
20260509_163006,loss,case05_delay-50ms_jitter-0ms_rate-50mbps_loss-1pct_corr-0pct_q417,,reno,reno,1,50.0,0.0,50.0,1.0,0.0,417,/Users/Rohin/Desktop/courses/EE122/EE-122-simulation/Final Test Outputs/loss/case05_delay-50ms_jitter-0ms_rate-50mbps_loss-1pct_corr-0pct_q417/reno/reno_50ms_0ms_50mbps_1_0_trial1.json,.meta.json,2.6331061896021826,0.05266212379204365,59244544.0,179.998951,384.0,2.1333457659983805,,,,,180,12.001556
20260509_163006,loss,case05_delay-50ms_jitter-0ms_rate-50mbps_loss-1pct_corr-0pct_q417,,reno,reno,2,50.0,0.0,50.0,1.0,0.0,417,/Users/Rohin/Desktop/courses/EE122/EE-122-simulation/Final Test Outputs/loss/case05_delay-50ms_jitter-0ms_rate-50mbps_loss-1pct_corr-0pct_q417/reno/reno_50ms_0ms_50mbps_1_0_trial2.json,.meta.json,2.5224231669631543,0.05044846333926309,56754176.0,179.998905,389.0,2.161124257950347,,,,,180,22.001211
20260509_163006,loss,case05_delay-50ms_jitter-0ms_rate-50mbps_loss-1pct_corr-0pct_q417,,reno,reno,3,50.0,0.0,50.0,1.0,0.0,417,/Users/Rohin/Desktop/courses/EE122/EE-122-simulation/Final Test Outputs/loss/case05_delay-50ms_jitter-0ms_rate-50mbps_loss-1pct_corr-0pct_q417/reno/reno_50ms_0ms_50mbps_1_0_trial3.json,.meta.json,2.4758125320987157,0.04951625064197431,55705600.0,179.999412,388.0,2.1555625970600394,,,,,180,41.001187
20260509_163006,loss,case05_delay-50ms_jitter-0ms_rate-50mbps_loss-1pct_corr-0pct_q417,,reno,reno,4,50.0,0.0,50.0,1.0,0.0,417,/Users/Rohin/Desktop/courses/EE122/EE-122-simulation/Final Test Outputs/loss/case05_delay-50ms_jitter-0ms_rate-50mbps_loss-1pct_corr-0pct_q417/reno/reno_50ms_0ms_50mbps_1_0_trial4.json,.meta.json,2.388419767323437,0.04776839534646874,53739520.0,180.000252,409.0,2.272219041115565,,,,,180,11.002574
20260509_163006,loss,case05_delay-50ms_jitter-0ms_rate-50mbps_loss-1pct_corr-0pct_q417,,reno,reno,5,50.0,0.0,50.0,1.0,0.0,417,/Users/Rohin/Desktop/courses/EE122/EE-122-simulation/Final Test Outputs/loss/case05_delay-50ms_jitter-0ms_rate-50mbps_loss-1pct_corr-0pct_q417/reno/reno_50ms_0ms_50mbps_1_0_trial5.json,.meta.json,2.464132586424888,0.04928265172849776,55443456.0,180.001535,399.0,2.2166477635871273,,,,,180,16.001001
20260509_163006,loss,case05_delay-50ms_jitter-0ms_rate-50mbps_loss-1pct_corr-0pct_q417,,vegas,vegas,1,50.0,0.0,50.0,1.0,0.0,417,/Users/Rohin/Desktop/courses/EE122/EE-122-simulation/Final Test Outputs/loss/case05_delay-50ms_jitter-0ms_rate-50mbps_loss-1pct_corr-0pct_q417/vegas/vegas_50ms_0ms_50mbps_1_0_trial1.json,.meta.json,2.41755298897731,0.0483510597795462,54394880.0,179.999794,396.0,2.2000025177806593,,,,,180,4.001319
20260509_163006,loss,case05_delay-50ms_jitter-0ms_rate-50mbps_loss-1pct_corr-0pct_q417,,vegas,vegas,2,50.0,0.0,50.0,1.0,0.0,417,/Users/Rohin/Desktop/courses/EE122/EE-122-simulation/Final Test Outputs/loss/case05_delay-50ms_jitter-0ms_rate-50mbps_loss-1pct_corr-0pct_q417/vegas/vegas_50ms_0ms_50mbps_1_0_trial2.json,.meta.json,2.3068796187019474,0.046137592374038944,51904512.0,179.999031,396.0,2.2000118433970903,,,,,180,1.003026
20260509_163006,loss,case05_delay-50ms_jitter-0ms_rate-50mbps_loss-1pct_corr-0pct_q417,,vegas,vegas,3,50.0,0.0,50.0,1.0,0.0,417,/Users/Rohin/Desktop/courses/EE122/EE-122-simulation/Final Test Outputs/loss/case05_delay-50ms_jitter-0ms_rate-50mbps_loss-1pct_corr-0pct_q417/vegas/vegas_50ms_0ms_50mbps_1_0_trial3.json,.meta.json,2.405899725296627,0.04811799450593254,54132736.0,179.999974,385.0,2.138889197839551,,,,,180,13.001033
20260509_163006,loss,case05_delay-50ms_jitter-0ms_rate-50mbps_loss-1pct_corr-0pct_q417,,vegas,vegas,4,50.0,0.0,50.0,1.0,0.0,417,/Users/Rohin/Desktop/courses/EE122/EE-122-simulation/Final Test Outputs/loss/case05_delay-50ms_jitter-0ms_rate-50mbps_loss-1pct_corr-0pct_q417/vegas/vegas_50ms_0ms_50mbps_1_0_trial4.json,.meta.json,2.5107618737634314,0.050215237475268626,56492032.0,179.999649,376.0,2.0888929622301653,,,,,180,12.001605
20260509_163006,loss,case05_delay-50ms_jitter-0ms_rate-50mbps_loss-1pct_corr-0pct_q417,,vegas,vegas,5,50.0,0.0,50.0,1.0,0.0,417,/Users/Rohin/Desktop/courses/EE122/EE-122-simulation/Final Test Outputs/loss/case05_delay-50ms_jitter-0ms_rate-50mbps_loss-1pct_corr-0pct_q417/vegas/vegas_50ms_0ms_50mbps_1_0_trial5.json,.meta.json,2.4874592964622,0.049749185929244,55967744.0,179.99971,384.0,2.133336770375908,,,,,180,8.001082
20260509_163006,loss,case06_delay-50ms_jitter-0ms_rate-50mbps_loss-3pct_corr-0pct_q417,,bbrv3,bbr,1,50.0,0.0,50.0,3.0,0.0,417,/Users/Rohin/Desktop/courses/EE122/EE-122-simulation/Final Test Outputs/loss/case06_delay-50ms_jitter-0ms_rate-50mbps_loss-3pct_corr-0pct_q417/bbrv3/bbrv3_50ms_0ms_50mbps_3_0_trial1.json,.meta.json,45.29870692528032,0.9059741385056064,1019215872.0,179.999111,21819.0,121.21726534527163,,,,,180,1.000993
20260509_163006,loss,case06_delay-50ms_jitter-0ms_rate-50mbps_loss-3pct_corr-0pct_q417,,bbrv3,bbr,2,50.0,0.0,50.0,3.0,0.0,417,/Users/Rohin/Desktop/courses/EE122/EE-122-simulation/Final Test Outputs/loss/case06_delay-50ms_jitter-0ms_rate-50mbps_loss-3pct_corr-0pct_q417/bbrv3/bbrv3_50ms_0ms_50mbps_3_0_trial2.json,.meta.json,45.2809764944547,0.905619529889094,1018822656.0,180.000121,21784.0,121.02214086844974,,,,,180,5.000168
20260509_163006,loss,case06_delay-50ms_jitter-0ms_rate-50mbps_loss-3pct_corr-0pct_q417,,bbrv3,bbr,3,50.0,0.0,50.0,3.0,0.0,417,/Users/Rohin/Desktop/courses/EE122/EE-122-simulation/Final Test Outputs/loss/case06_delay-50ms_jitter-0ms_rate-50mbps_loss-3pct_corr-0pct_q417/bbrv3/bbrv3_50ms_0ms_50mbps_3_0_trial3.json,.meta.json,45.29872076662446,0.9059744153324892,1019215872.0,179.999056,21987.0,122.15064061224855,,,,,180,1.001013
20260509_163006,loss,case06_delay-50ms_jitter-0ms_rate-50mbps_loss-3pct_corr-0pct_q417,,bbrv3,bbr,4,50.0,0.0,50.0,3.0,0.0,417,/Users/Rohin/Desktop/courses/EE122/EE-122-simulation/Final Test Outputs/loss/case06_delay-50ms_jitter-0ms_rate-50mbps_loss-3pct_corr-0pct_q417/bbrv3/bbrv3_50ms_0ms_50mbps_3_0_trial4.json,.meta.json,45.321811074824176,0.9064362214964835,1019740160.0,179.999896,21563.0,119.79451365905233,,,,,180,1.001033
20260509_163006,loss,case06_delay-50ms_jitter-0ms_rate-50mbps_loss-3pct_corr-0pct_q417,,bbrv3,bbr,5,50.0,0.0,50.0,3.0,0.0,417,/Users/Rohin/Desktop/courses/EE122/EE-122-simulation/Final Test Outputs/loss/case06_delay-50ms_jitter-0ms_rate-50mbps_loss-3pct_corr-0pct_q417/bbrv3/bbrv3_50ms_0ms_50mbps_3_0_trial5.json,.meta.json,45.28100995206733,0.9056201990413466,1018822656.0,179.999988,21958.0,121.98889702148202,,,,,180,4.000997
20260509_163006,loss,case06_delay-50ms_jitter-0ms_rate-50mbps_loss-3pct_corr-0pct_q417,,cubic,cubic,1,50.0,0.0,50.0,3.0,0.0,417,/Users/Rohin/Desktop/courses/EE122/EE-122-simulation/Final Test Outputs/loss/case06_delay-50ms_jitter-0ms_rate-50mbps_loss-3pct_corr-0pct_q417/cubic/cubic_50ms_0ms_50mbps_3_0_trial1.json,.meta.json,1.1592635562307978,0.023185271124615957,26083328.0,179.999296,533.0,2.961122692390975,,,,,180,2.001485
20260509_163006,loss,case06_delay-50ms_jitter-0ms_rate-50mbps_loss-3pct_corr-0pct_q417,,cubic,cubic,2,50.0,0.0,50.0,3.0,0.0,417,/Users/Rohin/Desktop/courses/EE122/EE-122-simulation/Final Test Outputs/loss/case06_delay-50ms_jitter-0ms_rate-50mbps_loss-3pct_corr-0pct_q417/cubic/cubic_50ms_0ms_50mbps_3_0_trial2.json,.meta.json,1.106824091646559,0.022136481832931182,24903680.0,180.000997,525.0,2.916650511663555,,,,,180,1.000392
20260509_163006,loss,case06_delay-50ms_jitter-0ms_rate-50mbps_loss-3pct_corr-0pct_q417,,cubic,cubic,3,50.0,0.0,50.0,3.0,0.0,417,/Users/Rohin/Desktop/courses/EE122/EE-122-simulation/Final Test Outputs/loss/case06_delay-50ms_jitter-0ms_rate-50mbps_loss-3pct_corr-0pct_q417/cubic/cubic_50ms_0ms_50mbps_3_0_trial3.json,.meta.json,1.1126546615994934,0.02225309323198987,25034752.0,180.000159,536.0,2.977775147409731,,,,,180,1.003526
20260509_163006,loss,case06_delay-50ms_jitter-0ms_rate-50mbps_loss-3pct_corr-0pct_q417,,cubic,cubic,4,50.0,0.0,50.0,3.0,0.0,417,/Users/Rohin/Desktop/courses/EE122/EE-122-simulation/Final Test Outputs/loss/case06_delay-50ms_jitter-0ms_rate-50mbps_loss-3pct_corr-0pct_q417/cubic/cubic_50ms_0ms_50mbps_3_0_trial4.json,.meta.json,1.1010005305646091,0.022020010611292183,24772608.0,180.000698,508.0,2.822211278314043,,,,,180,1.003101
20260509_163006,loss,case06_delay-50ms_jitter-0ms_rate-50mbps_loss-3pct_corr-0pct_q417,,cubic,cubic,5,50.0,0.0,50.0,3.0,0.0,417,/Users/Rohin/Desktop/courses/EE122/EE-122-simulation/Final Test Outputs/loss/case06_delay-50ms_jitter-0ms_rate-50mbps_loss-3pct_corr-0pct_q417/cubic/cubic_50ms_0ms_50mbps_3_0_trial5.json,.meta.json,1.0835416863254699,0.021670833726509398,24379392.0,179.997815,539.0,2.994480794114084,,,,,180,1.00101
20260509_163006,loss,case06_delay-50ms_jitter-0ms_rate-50mbps_loss-3pct_corr-0pct_q417,,reno,reno,1,50.0,0.0,50.0,3.0,0.0,417,/Users/Rohin/Desktop/courses/EE122/EE-122-simulation/Final Test Outputs/loss/case06_delay-50ms_jitter-0ms_rate-50mbps_loss-3pct_corr-0pct_q417/reno/reno_50ms_0ms_50mbps_3_0_trial1.json,.meta.json,1.2757621580785754,0.02551524316157151,28704768.0,180.000749,613.0,3.40554138471946,,,,,180,85.0015
20260509_163006,loss,case06_delay-50ms_jitter-0ms_rate-50mbps_loss-3pct_corr-0pct_q417,,reno,reno,2,50.0,0.0,50.0,3.0,0.0,417,/Users/Rohin/Desktop/courses/EE122/EE-122-simulation/Final Test Outputs/loss/case06_delay-50ms_jitter-0ms_rate-50mbps_loss-3pct_corr-0pct_q417/reno/reno_50ms_0ms_50mbps_3_0_trial2.json,.meta.json,1.2291748578263932,0.024583497156527866,27656192.0,179.998423,611.0,3.3944741838099324,,,,,180,26.001148
20260509_163006,loss,case06_delay-50ms_jitter-0ms_rate-50mbps_loss-3pct_corr-0pct_q417,,reno,reno,3,50.0,0.0,50.0,3.0,0.0,417,/Users/Rohin/Desktop/courses/EE122/EE-122-simulation/Final Test Outputs/loss/case06_delay-50ms_jitter-0ms_rate-50mbps_loss-3pct_corr-0pct_q417/reno/reno_50ms_0ms_50mbps_3_0_trial3.json,.meta.json,1.2408206755756819,0.024816413511513636,27918336.0,179.999167,607.0,3.3722378281895047,,,,,180,7.001619
20260509_163006,loss,case06_delay-50ms_jitter-0ms_rate-50mbps_loss-3pct_corr-0pct_q417,,reno,reno,4,50.0,0.0,50.0,3.0,0.0,417,/Users/Rohin/Desktop/courses/EE122/EE-122-simulation/Final Test Outputs/loss/case06_delay-50ms_jitter-0ms_rate-50mbps_loss-3pct_corr-0pct_q417/reno/reno_50ms_0ms_50mbps_3_0_trial4.json,.meta.json,1.2349997547479659,0.024699995094959317,27787264.0,179.998507,600.0,3.3333609817108094,,,,,180,106.001304
20260509_163006,loss,case06_delay-50ms_jitter-0ms_rate-50mbps_loss-3pct_corr-0pct_q417,,reno,reno,5,50.0,0.0,50.0,3.0,0.0,417,/Users/Rohin/Desktop/courses/EE122/EE-122-simulation/Final Test Outputs/loss/case06_delay-50ms_jitter-0ms_rate-50mbps_loss-3pct_corr-0pct_q417/reno/reno_50ms_0ms_50mbps_3_0_trial5.json,.meta.json,1.2932388118411882,0.025864776236823765,29097984.0,180.000685,609.0,3.3833204579193685,,,,,180,10.001238
20260509_163006,loss,case06_delay-50ms_jitter-0ms_rate-50mbps_loss-3pct_corr-0pct_q417,,vegas,vegas,1,50.0,0.0,50.0,3.0,0.0,417,/Users/Rohin/Desktop/courses/EE122/EE-122-simulation/Final Test Outputs/loss/case06_delay-50ms_jitter-0ms_rate-50mbps_loss-3pct_corr-0pct_q417/vegas/vegas_50ms_0ms_50mbps_3_0_trial1.json,.meta.json,1.07188813384326,0.0214377626768652,24117248.0,179.998246,519.0,2.8833614300886024,,,,,180,1.002397
20260509_163006,loss,case06_delay-50ms_jitter-0ms_rate-50mbps_loss-3pct_corr-0pct_q417,,vegas,vegas,2,50.0,0.0,50.0,3.0,0.0,417,/Users/Rohin/Desktop/courses/EE122/EE-122-simulation/Final Test Outputs/loss/case06_delay-50ms_jitter-0ms_rate-50mbps_loss-3pct_corr-0pct_q417/vegas/vegas_50ms_0ms_50mbps_3_0_trial2.json,.meta.json,1.0601909805395526,0.021203819610791052,23855104.0,180.006089,501.0,2.783239182536764,,,,,180,1.001113
20260509_163006,loss,case06_delay-50ms_jitter-0ms_rate-50mbps_loss-3pct_corr-0pct_q417,,vegas,vegas,3,50.0,0.0,50.0,3.0,0.0,417,/Users/Rohin/Desktop/courses/EE122/EE-122-simulation/Final Test Outputs/loss/case06_delay-50ms_jitter-0ms_rate-50mbps_loss-3pct_corr-0pct_q417/vegas/vegas_50ms_0ms_50mbps_3_0_trial3.json,.meta.json,1.1650822178428726,0.023301644356857453,26214400.0,180.000344,529.0,2.9388832723564127,,,,,180,1.000522
20260509_163006,loss,case06_delay-50ms_jitter-0ms_rate-50mbps_loss-3pct_corr-0pct_q417,,vegas,vegas,4,50.0,0.0,50.0,3.0,0.0,417,/Users/Rohin/Desktop/courses/EE122/EE-122-simulation/Final Test Outputs/loss/case06_delay-50ms_jitter-0ms_rate-50mbps_loss-3pct_corr-0pct_q417/vegas/vegas_50ms_0ms_50mbps_3_0_trial4.json,.meta.json,0.978671248682958,0.01957342497365916,22020096.0,179.999942,518.0,2.877778705062027,,,,,180,6.001546
20260509_163006,loss,case06_delay-50ms_jitter-0ms_rate-50mbps_loss-3pct_corr-0pct_q417,,vegas,vegas,5,50.0,0.0,50.0,3.0,0.0,417,/Users/Rohin/Desktop/courses/EE122/EE-122-simulation/Final Test Outputs/loss/case06_delay-50ms_jitter-0ms_rate-50mbps_loss-3pct_corr-0pct_q417/vegas/vegas_50ms_0ms_50mbps_3_0_trial5.json,.meta.json,1.2000404245605527,0.024000808491211053,27000832.0,179.999483,515.0,2.861119328881628,,,,,180,52.001847
20260509_163006,rate,case01_delay-50ms_jitter-0ms_rate-1mbps_loss-0pct_corr-0pct_q8,,bbrv3,bbr,1,50.0,0.0,1.0,0.0,0.0,8,/Users/Rohin/Desktop/courses/EE122/EE-122-simulation/Final Test Outputs/rate/case01_delay-50ms_jitter-0ms_rate-1mbps_loss-0pct_corr-0pct_q8/bbrv3/bbrv3_50ms_0ms_1mbps_0_0_trial1.json,.meta.json,0.9437187093300214,0.9437187093300214,21233664.0,179.999941,794.0,4.411112556975782,,,,,180,4.000885
20260509_163006,rate,case01_delay-50ms_jitter-0ms_rate-1mbps_loss-0pct_corr-0pct_q8,,bbrv3,bbr,2,50.0,0.0,1.0,0.0,0.0,8,/Users/Rohin/Desktop/courses/EE122/EE-122-simulation/Final Test Outputs/rate/case01_delay-50ms_jitter-0ms_rate-1mbps_loss-0pct_corr-0pct_q8/bbrv3/bbrv3_50ms_0ms_1mbps_0_0_trial2.json,.meta.json,0.9437279893249582,0.9437279893249582,21233664.0,179.998171,766.0,4.255598797167778,,,,,180,4.001138
20260509_163006,rate,case01_delay-50ms_jitter-0ms_rate-1mbps_loss-0pct_corr-0pct_q8,,bbrv3,bbr,3,50.0,0.0,1.0,0.0,0.0,8,/Users/Rohin/Desktop/courses/EE122/EE-122-simulation/Final Test Outputs/rate/case01_delay-50ms_jitter-0ms_rate-1mbps_loss-0pct_corr-0pct_q8/bbrv3/bbrv3_50ms_0ms_1mbps_0_0_trial3.json,.meta.json,0.9437198313084108,0.9437198313084108,21233664.0,179.999727,768.0,4.266673137787592,,,,,180,4.002293
20260509_163006,rate,case01_delay-50ms_jitter-0ms_rate-1mbps_loss-0pct_corr-0pct_q8,,bbrv3,bbr,4,50.0,0.0,1.0,0.0,0.0,8,/Users/Rohin/Desktop/courses/EE122/EE-122-simulation/Final Test Outputs/rate/case01_delay-50ms_jitter-0ms_rate-1mbps_loss-0pct_corr-0pct_q8/bbrv3/bbrv3_50ms_0ms_1mbps_0_0_trial4.json,.meta.json,0.9437223898485482,0.9437223898485482,21233664.0,179.999239,804.0,4.466685550820579,,,,,180,4.002038
20260509_163006,rate,case01_delay-50ms_jitter-0ms_rate-1mbps_loss-0pct_corr-0pct_q8,,bbrv3,bbr,5,50.0,0.0,1.0,0.0,0.0,8,/Users/Rohin/Desktop/courses/EE122/EE-122-simulation/Final Test Outputs/rate/case01_delay-50ms_jitter-0ms_rate-1mbps_loss-0pct_corr-0pct_q8/bbrv3/bbrv3_50ms_0ms_1mbps_0_0_trial5.json,.meta.json,0.9437198680086836,0.9437198680086836,21233664.0,179.99972,848.0,4.7111184395175725,,,,,180,4.002068
20260509_163006,rate,case01_delay-50ms_jitter-0ms_rate-1mbps_loss-0pct_corr-0pct_q8,,cubic,cubic,1,50.0,0.0,1.0,0.0,0.0,8,/Users/Rohin/Desktop/courses/EE122/EE-122-simulation/Final Test Outputs/rate/case01_delay-50ms_jitter-0ms_rate-1mbps_loss-0pct_corr-0pct_q8/cubic/cubic_50ms_0ms_1mbps_0_0_trial1.json,.meta.json,0.9495460800317903,0.9495460800317903,21364736.0,179.999572,235.0,1.3055586598839246,,,,,180,1.002077
20260509_163006,rate,case01_delay-50ms_jitter-0ms_rate-1mbps_loss-0pct_corr-0pct_q8,,cubic,cubic,2,50.0,0.0,1.0,0.0,0.0,8,/Users/Rohin/Desktop/courses/EE122/EE-122-simulation/Final Test Outputs/rate/case01_delay-50ms_jitter-0ms_rate-1mbps_loss-0pct_corr-0pct_q8/cubic/cubic_50ms_0ms_1mbps_0_0_trial2.json,.meta.json,0.9495505429299538,0.9495505429299538,21364736.0,179.998726,234.0,1.300009201176235,,,,,180,1.002413
20260509_163006,rate,case01_delay-50ms_jitter-0ms_rate-1mbps_loss-0pct_corr-0pct_q8,,cubic,cubic,3,50.0,0.0,1.0,0.0,0.0,8,/Users/Rohin/Desktop/courses/EE122/EE-122-simulation/Final Test Outputs/rate/case01_delay-50ms_jitter-0ms_rate-1mbps_loss-0pct_corr-0pct_q8/cubic/cubic_50ms_0ms_1mbps_0_0_trial3.json,.meta.json,0.9495358197453413,0.9495358197453413,21364736.0,180.001517,237.0,1.3166555701861111,,,,,180,1.001294
20260509_163006,rate,case01_delay-50ms_jitter-0ms_rate-1mbps_loss-0pct_corr-0pct_q8,,cubic,cubic,4,50.0,0.0,1.0,0.0,0.0,8,/Users/Rohin/Desktop/courses/EE122/EE-122-simulation/Final Test Outputs/rate/case01_delay-50ms_jitter-0ms_rate-1mbps_loss-0pct_corr-0pct_q8/cubic/cubic_50ms_0ms_1mbps_0_0_trial4.json,.meta.json,0.9495514977634958,0.9495514977634958,21364736.0,179.998545,237.0,1.3166773098082543,,,,,180,1.002147
20260509_163006,rate,case01_delay-50ms_jitter-0ms_rate-1mbps_loss-0pct_corr-0pct_q8,,cubic,cubic,5,50.0,0.0,1.0,0.0,0.0,8,/Users/Rohin/Desktop/courses/EE122/EE-122-simulation/Final Test Outputs/rate/case01_delay-50ms_jitter-0ms_rate-1mbps_loss-0pct_corr-0pct_q8/cubic/cubic_50ms_0ms_1mbps_0_0_trial5.json,.meta.json,0.949556324713831,0.949556324713831,21364736.0,179.99763,237.0,1.3166840030060396,,,,,180,1.001771
20260509_163006,rate,case01_delay-50ms_jitter-0ms_rate-1mbps_loss-0pct_corr-0pct_q8,,reno,reno,1,50.0,0.0,1.0,0.0,0.0,8,/Users/Rohin/Desktop/courses/EE122/EE-122-simulation/Final Test Outputs/rate/case01_delay-50ms_jitter-0ms_rate-1mbps_loss-0pct_corr-0pct_q8/reno/reno_50ms_0ms_1mbps_0_0_trial1.json,.meta.json,0.902941146732003,0.902941146732003,20316160.0,179.99986,591.0,3.2833358870390232,,,,,180,4.00246
20260509_163006,rate,case01_delay-50ms_jitter-0ms_rate-1mbps_loss-0pct_corr-0pct_q8,,reno,reno,2,50.0,0.0,1.0,0.0,0.0,8,/Users/Rohin/Desktop/courses/EE122/EE-122-simulation/Final Test Outputs/rate/case01_delay-50ms_jitter-0ms_rate-1mbps_loss-0pct_corr-0pct_q8/reno/reno_50ms_0ms_1mbps_0_0_trial2.json,.meta.json,0.897106006306859,0.897106006306859,20185088.0,180.001809,584.0,3.244411838105471,,,,,180,3.001281
20260509_163006,rate,case01_delay-50ms_jitter-0ms_rate-1mbps_loss-0pct_corr-0pct_q8,,reno,reno,3,50.0,0.0,1.0,0.0,0.0,8,/Users/Rohin/Desktop/courses/EE122/EE-122-simulation/Final Test Outputs/rate/case01_delay-50ms_jitter-0ms_rate-1mbps_loss-0pct_corr-0pct_q8/reno/reno_50ms_0ms_1mbps_0_0_trial3.json,.meta.json,0.9029363812307291,0.9029363812307291,20316160.0,180.00081,589.0,3.2722074972884845,,,,,180,1.002816
20260509_163006,rate,case01_delay-50ms_jitter-0ms_rate-1mbps_loss-0pct_corr-0pct_q8,,reno,reno,4,50.0,0.0,1.0,0.0,0.0,8,/Users/Rohin/Desktop/courses/EE122/EE-122-simulation/Final Test Outputs/rate/case01_delay-50ms_jitter-0ms_rate-1mbps_loss-0pct_corr-0pct_q8/reno/reno_50ms_0ms_1mbps_0_0_trial4.json,.meta.json,0.902931415130293,0.902931415130293,20316160.0,180.0018,588.0,3.2666340003266634,,,,,180,1.003127
20260509_163006,rate,case01_delay-50ms_jitter-0ms_rate-1mbps_loss-0pct_corr-0pct_q8,,reno,reno,5,50.0,0.0,1.0,0.0,0.0,8,/Users/Rohin/Desktop/courses/EE122/EE-122-simulation/Final Test Outputs/rate/case01_delay-50ms_jitter-0ms_rate-1mbps_loss-0pct_corr-0pct_q8/reno/reno_50ms_0ms_1mbps_0_0_trial5.json,.meta.json,0.8971287233714474,0.8971287233714474,20185088.0,179.997251,583.0,3.2389383546752053,,,,,180,4.002863
20260509_163006,rate,case01_delay-50ms_jitter-0ms_rate-1mbps_loss-0pct_corr-0pct_q8,,vegas,vegas,1,50.0,0.0,1.0,0.0,0.0,8,/Users/Rohin/Desktop/courses/EE122/EE-122-simulation/Final Test Outputs/rate/case01_delay-50ms_jitter-0ms_rate-1mbps_loss-0pct_corr-0pct_q8/vegas/vegas_50ms_0ms_1mbps_0_0_trial1.json,.meta.json,0.8155514947663184,0.8155514947663184,18350080.0,180.001681,295.0,1.6388735836305885,,,,,180,1.001048
20260509_163006,rate,case01_delay-50ms_jitter-0ms_rate-1mbps_loss-0pct_corr-0pct_q8,,vegas,vegas,2,50.0,0.0,1.0,0.0,0.0,8,/Users/Rohin/Desktop/courses/EE122/EE-122-simulation/Final Test Outputs/rate/case01_delay-50ms_jitter-0ms_rate-1mbps_loss-0pct_corr-0pct_q8/vegas/vegas_50ms_0ms_1mbps_0_0_trial2.json,.meta.json,0.87963774397215,0.87963774397215,19791872.0,180.000207,158.0,0.8777767683344943,,,,,180,1.001774
20260509_163006,rate,case01_delay-50ms_jitter-0ms_rate-1mbps_loss-0pct_corr-0pct_q8,,vegas,vegas,3,50.0,0.0,1.0,0.0,0.0,8,/Users/Rohin/Desktop/courses/EE122/EE-122-simulation/Final Test Outputs/rate/case01_delay-50ms_jitter-0ms_rate-1mbps_loss-0pct_corr-0pct_q8/vegas/vegas_50ms_0ms_1mbps_0_0_trial3.json,.meta.json,0.9553658157426836,0.9553658157426836,21495808.0,180.000646,0.0,0.0,,,,,180,1.003065
20260509_163006,rate,case01_delay-50ms_jitter-0ms_rate-1mbps_loss-0pct_corr-0pct_q8,,vegas,vegas,4,50.0,0.0,1.0,0.0,0.0,8,/Users/Rohin/Desktop/courses/EE122/EE-122-simulation/Final Test Outputs/rate/case01_delay-50ms_jitter-0ms_rate-1mbps_loss-0pct_corr-0pct_q8/vegas/vegas_50ms_0ms_1mbps_0_0_trial4.json,.meta.json,0.8738119789247659,0.8738119789247659,19660800.0,180.000279,163.0,0.90555415194662,,,,,180,3.002841
20260509_163006,rate,case01_delay-50ms_jitter-0ms_rate-1mbps_loss-0pct_corr-0pct_q8,,vegas,vegas,5,50.0,0.0,1.0,0.0,0.0,8,/Users/Rohin/Desktop/courses/EE122/EE-122-simulation/Final Test Outputs/rate/case01_delay-50ms_jitter-0ms_rate-1mbps_loss-0pct_corr-0pct_q8/vegas/vegas_50ms_0ms_1mbps_0_0_trial5.json,.meta.json,0.8446866821071937,0.8446866821071937,19005440.0,179.999902,230.0,1.2777784734571689,,,,,180,1.002458
20260509_163006,rate,case02_delay-50ms_jitter-0ms_rate-5mbps_loss-0pct_corr-0pct_q42,,bbrv3,bbr,1,50.0,0.0,5.0,0.0,0.0,42,/Users/Rohin/Desktop/courses/EE122/EE-122-simulation/Final Test Outputs/rate/case02_delay-50ms_jitter-0ms_rate-5mbps_loss-0pct_corr-0pct_q42/bbrv3/bbrv3_50ms_0ms_5mbps_0_0_trial1.json,.meta.json,4.666182772044405,0.9332365544088811,104988672.0,179.999245,22.0,0.12222273487869352,,,,,180,91.001619
20260509_163006,rate,case02_delay-50ms_jitter-0ms_rate-5mbps_loss-0pct_corr-0pct_q42,,bbrv3,bbr,2,50.0,0.0,5.0,0.0,0.0,42,/Users/Rohin/Desktop/courses/EE122/EE-122-simulation/Final Test Outputs/rate/case02_delay-50ms_jitter-0ms_rate-5mbps_loss-0pct_corr-0pct_q42/bbrv3/bbrv3_50ms_0ms_5mbps_0_0_trial2.json,.meta.json,4.66614347258232,0.933228694516464,104988672.0,180.000761,112.0,0.6222195916160599,,,,,180,35.004547
20260509_163006,rate,case02_delay-50ms_jitter-0ms_rate-5mbps_loss-0pct_corr-0pct_q42,,bbrv3,bbr,3,50.0,0.0,5.0,0.0,0.0,42,/Users/Rohin/Desktop/courses/EE122/EE-122-simulation/Final Test Outputs/rate/case02_delay-50ms_jitter-0ms_rate-5mbps_loss-0pct_corr-0pct_q42/bbrv3/bbrv3_50ms_0ms_5mbps_0_0_trial3.json,.meta.json,4.66615537122821,0.933231074245642,104988672.0,180.000302,68.0,0.3777771439516807,,,,,180,50.000755
20260509_163006,rate,case02_delay-50ms_jitter-0ms_rate-5mbps_loss-0pct_corr-0pct_q42,,bbrv3,bbr,4,50.0,0.0,5.0,0.0,0.0,42,/Users/Rohin/Desktop/courses/EE122/EE-122-simulation/Final Test Outputs/rate/case02_delay-50ms_jitter-0ms_rate-5mbps_loss-0pct_corr-0pct_q42/bbrv3/bbrv3_50ms_0ms_5mbps_0_0_trial4.json,.meta.json,4.672014577858765,0.934402915571753,105119744.0,179.999,68.0,0.3777798765548698,,,,,180,
20260509_163006,rate,case02_delay-50ms_jitter-0ms_rate-5mbps_loss-0pct_corr-0pct_q42,,bbrv3,bbr,5,50.0,0.0,5.0,0.0,0.0,42,/Users/Rohin/Desktop/courses/EE122/EE-122-simulation/Final Test Outputs/rate/case02_delay-50ms_jitter-0ms_rate-5mbps_loss-0pct_corr-0pct_q42/bbrv3/bbrv3_50ms_0ms_5mbps_0_0_trial5.json,.meta.json,4.6719919185720755,0.9343983837144151,105119744.0,179.999873,136.0,0.7555560886423514,,,,,180,
20260509_163006,rate,case02_delay-50ms_jitter-0ms_rate-5mbps_loss-0pct_corr-0pct_q42,,cubic,cubic,1,50.0,0.0,5.0,0.0,0.0,42,/Users/Rohin/Desktop/courses/EE122/EE-122-simulation/Final Test Outputs/rate/case02_delay-50ms_jitter-0ms_rate-5mbps_loss-0pct_corr-0pct_q42/cubic/cubic_50ms_0ms_5mbps_0_0_trial1.json,.meta.json,4.78268221948624,0.956536443897248,107610112.0,179.999602,89.0,0.4944455377184667,,,,,180,
20260509_163006,rate,case02_delay-50ms_jitter-0ms_rate-5mbps_loss-0pct_corr-0pct_q42,,cubic,cubic,2,50.0,0.0,5.0,0.0,0.0,42,/Users/Rohin/Desktop/courses/EE122/EE-122-simulation/Final Test Outputs/rate/case02_delay-50ms_jitter-0ms_rate-5mbps_loss-0pct_corr-0pct_q42/cubic/cubic_50ms_0ms_5mbps_0_0_trial2.json,.meta.json,4.78266720719209,0.956533441438418,107610112.0,180.000167,90.0,0.49999953611154146,,,,,180,
20260509_163006,rate,case02_delay-50ms_jitter-0ms_rate-5mbps_loss-0pct_corr-0pct_q42,,cubic,cubic,3,50.0,0.0,5.0,0.0,0.0,42,/Users/Rohin/Desktop/courses/EE122/EE-122-simulation/Final Test Outputs/rate/case02_delay-50ms_jitter-0ms_rate-5mbps_loss-0pct_corr-0pct_q42/cubic/cubic_50ms_0ms_5mbps_0_0_trial3.json,.meta.json,4.782537387992103,0.9565074775984206,107610112.0,180.005053,89.0,0.49443056467975927,,,,,180,
20260509_163006,rate,case02_delay-50ms_jitter-0ms_rate-5mbps_loss-0pct_corr-0pct_q42,,cubic,cubic,4,50.0,0.0,5.0,0.0,0.0,42,/Users/Rohin/Desktop/courses/EE122/EE-122-simulation/Final Test Outputs/rate/case02_delay-50ms_jitter-0ms_rate-5mbps_loss-0pct_corr-0pct_q42/cubic/cubic_50ms_0ms_5mbps_0_0_trial4.json,.meta.json,4.782661149160256,0.9565322298320511,107610112.0,180.000395,89.0,0.4944433594159613,,,,,180,
20260509_163006,rate,case02_delay-50ms_jitter-0ms_rate-5mbps_loss-0pct_corr-0pct_q42,,cubic,cubic,5,50.0,0.0,5.0,0.0,0.0,42,/Users/Rohin/Desktop/courses/EE122/EE-122-simulation/Final Test Outputs/rate/case02_delay-50ms_jitter-0ms_rate-5mbps_loss-0pct_corr-0pct_q42/cubic/cubic_50ms_0ms_5mbps_0_0_trial5.json,.meta.json,4.78270522966339,0.956541045932678,107610112.0,179.998736,90.0,0.500003511135767,,,,,180,
20260509_163006,rate,case02_delay-50ms_jitter-0ms_rate-5mbps_loss-0pct_corr-0pct_q42,,reno,reno,1,50.0,0.0,5.0,0.0,0.0,42,/Users/Rohin/Desktop/courses/EE122/EE-122-simulation/Final Test Outputs/rate/case02_delay-50ms_jitter-0ms_rate-5mbps_loss-0pct_corr-0pct_q42/reno/reno_50ms_0ms_5mbps_0_0_trial1.json,.meta.json,4.747725256777693,0.9495450513555387,106823680.0,179.999767,188.0,1.0444457964215033,,,,,180,
20260509_163006,rate,case02_delay-50ms_jitter-0ms_rate-5mbps_loss-0pct_corr-0pct_q42,,reno,reno,2,50.0,0.0,5.0,0.0,0.0,42,/Users/Rohin/Desktop/courses/EE122/EE-122-simulation/Final Test Outputs/rate/case02_delay-50ms_jitter-0ms_rate-5mbps_loss-0pct_corr-0pct_q42/reno/reno_50ms_0ms_5mbps_0_0_trial2.json,.meta.json,4.747739974790667,0.9495479949581334,106823680.0,179.999209,189.0,1.0500046141869435,,,,,180,
20260509_163006,rate,case02_delay-50ms_jitter-0ms_rate-5mbps_loss-0pct_corr-0pct_q42,,reno,reno,3,50.0,0.0,5.0,0.0,0.0,42,/Users/Rohin/Desktop/courses/EE122/EE-122-simulation/Final Test Outputs/rate/case02_delay-50ms_jitter-0ms_rate-5mbps_loss-0pct_corr-0pct_q42/reno/reno_50ms_0ms_5mbps_0_0_trial3.json,.meta.json,4.74771568220534,0.9495431364410679,106823680.0,180.00013,189.0,1.0499992416672144,,,,,180,
20260509_163006,rate,case02_delay-50ms_jitter-0ms_rate-5mbps_loss-0pct_corr-0pct_q42,,reno,reno,4,50.0,0.0,5.0,0.0,0.0,42,/Users/Rohin/Desktop/courses/EE122/EE-122-simulation/Final Test Outputs/rate/case02_delay-50ms_jitter-0ms_rate-5mbps_loss-0pct_corr-0pct_q42/reno/reno_50ms_0ms_5mbps_0_0_trial4.json,.meta.json,4.74189408404673,0.948378816809346,106692608.0,179.999985,186.0,1.0333334194444517,,,,,180,
20260509_163006,rate,case02_delay-50ms_jitter-0ms_rate-5mbps_loss-0pct_corr-0pct_q42,,reno,reno,5,50.0,0.0,5.0,0.0,0.0,42,/Users/Rohin/Desktop/courses/EE122/EE-122-simulation/Final Test Outputs/rate/case02_delay-50ms_jitter-0ms_rate-5mbps_loss-0pct_corr-0pct_q42/reno/reno_50ms_0ms_5mbps_0_0_trial5.json,.meta.json,4.747734224731727,0.9495468449463453,106823680.0,179.999427,189.0,1.0500033425106403,,,,,180,
20260509_163006,rate,case02_delay-50ms_jitter-0ms_rate-5mbps_loss-0pct_corr-0pct_q42,,vegas,vegas,1,50.0,0.0,5.0,0.0,0.0,42,/Users/Rohin/Desktop/courses/EE122/EE-122-simulation/Final Test Outputs/rate/case02_delay-50ms_jitter-0ms_rate-5mbps_loss-0pct_corr-0pct_q42/vegas/vegas_50ms_0ms_5mbps_0_0_trial1.json,.meta.json,4.776829105251262,0.9553658210502525,107479040.0,180.000645,0.0,0.0,,,,,180,
20260509_163006,rate,case02_delay-50ms_jitter-0ms_rate-5mbps_loss-0pct_corr-0pct_q42,,vegas,vegas,2,50.0,0.0,5.0,0.0,0.0,42,/Users/Rohin/Desktop/courses/EE122/EE-122-simulation/Final Test Outputs/rate/case02_delay-50ms_jitter-0ms_rate-5mbps_loss-0pct_corr-0pct_q42/vegas/vegas_50ms_0ms_5mbps_0_0_trial2.json,.meta.json,4.776859013589136,0.9553718027178272,107479040.0,179.999518,0.0,0.0,,,,,180,
20260509_163006,rate,case02_delay-50ms_jitter-0ms_rate-5mbps_loss-0pct_corr-0pct_q42,,vegas,vegas,3,50.0,0.0,5.0,0.0,0.0,42,/Users/Rohin/Desktop/courses/EE122/EE-122-simulation/Final Test Outputs/rate/case02_delay-50ms_jitter-0ms_rate-5mbps_loss-0pct_corr-0pct_q42/vegas/vegas_50ms_0ms_5mbps_0_0_trial3.json,.meta.json,4.782660989738573,0.9565321979477146,107610112.0,180.000401,0.0,0.0,,,,,180,
20260509_163006,rate,case02_delay-50ms_jitter-0ms_rate-5mbps_loss-0pct_corr-0pct_q42,,vegas,vegas,4,50.0,0.0,5.0,0.0,0.0,42,/Users/Rohin/Desktop/courses/EE122/EE-122-simulation/Final Test Outputs/rate/case02_delay-50ms_jitter-0ms_rate-5mbps_loss-0pct_corr-0pct_q42/vegas/vegas_50ms_0ms_5mbps_0_0_trial4.json,.meta.json,4.776867532359047,0.9553735064718094,107479040.0,179.999197,0.0,0.0,,,,,180,
20260509_163006,rate,case02_delay-50ms_jitter-0ms_rate-5mbps_loss-0pct_corr-0pct_q42,,vegas,vegas,5,50.0,0.0,5.0,0.0,0.0,42,/Users/Rohin/Desktop/courses/EE122/EE-122-simulation/Final Test Outputs/rate/case02_delay-50ms_jitter-0ms_rate-5mbps_loss-0pct_corr-0pct_q42/vegas/vegas_50ms_0ms_5mbps_0_0_trial5.json,.meta.json,4.771051175692485,0.9542102351384971,107347968.0,179.998854,0.0,0.0,,,,,180,
20260509_163006,rate,case03_delay-50ms_jitter-0ms_rate-10mbps_loss-0pct_corr-0pct_q83,,bbrv3,bbr,1,50.0,0.0,10.0,0.0,0.0,83,/Users/Rohin/Desktop/courses/EE122/EE-122-simulation/Final Test Outputs/rate/case03_delay-50ms_jitter-0ms_rate-10mbps_loss-0pct_corr-0pct_q83/bbrv3/bbrv3_50ms_0ms_10mbps_0_0_trial1.json,.meta.json,9.32648735074348,0.9326487350743481,209846272.0,180.000263,331.0,1.838886202071827,,,,,180,3.000362
20260509_163006,rate,case03_delay-50ms_jitter-0ms_rate-10mbps_loss-0pct_corr-0pct_q83,,bbrv3,bbr,2,50.0,0.0,10.0,0.0,0.0,83,/Users/Rohin/Desktop/courses/EE122/EE-122-simulation/Final Test Outputs/rate/case03_delay-50ms_jitter-0ms_rate-10mbps_loss-0pct_corr-0pct_q83/bbrv3/bbrv3_50ms_0ms_10mbps_0_0_trial2.json,.meta.json,9.326480666775437,0.9326480666775436,209846272.0,180.000392,193.0,1.072219887165579,,,,,180,3.001003
20260509_163006,rate,case03_delay-50ms_jitter-0ms_rate-10mbps_loss-0pct_corr-0pct_q83,,bbrv3,bbr,3,50.0,0.0,10.0,0.0,0.0,83,/Users/Rohin/Desktop/courses/EE122/EE-122-simulation/Final Test Outputs/rate/case03_delay-50ms_jitter-0ms_rate-10mbps_loss-0pct_corr-0pct_q83/bbrv3/bbrv3_50ms_0ms_10mbps_0_0_trial3.json,.meta.json,9.32656009780595,0.932656009780595,209846272.0,179.998859,268.0,1.4888983268499496,,,,,180,3.000723
20260509_163006,rate,case03_delay-50ms_jitter-0ms_rate-10mbps_loss-0pct_corr-0pct_q83,,bbrv3,bbr,4,50.0,0.0,10.0,0.0,0.0,83,/Users/Rohin/Desktop/courses/EE122/EE-122-simulation/Final Test Outputs/rate/case03_delay-50ms_jitter-0ms_rate-10mbps_loss-0pct_corr-0pct_q83/bbrv3/bbrv3_50ms_0ms_10mbps_0_0_trial4.json,.meta.json,9.32653108174755,0.932653108174755,209846272.0,179.999419,285.0,1.5833384439979776,,,,,180,3.000133
20260509_163006,rate,case03_delay-50ms_jitter-0ms_rate-10mbps_loss-0pct_corr-0pct_q83,,bbrv3,bbr,5,50.0,0.0,10.0,0.0,0.0,83,/Users/Rohin/Desktop/courses/EE122/EE-122-simulation/Final Test Outputs/rate/case03_delay-50ms_jitter-0ms_rate-10mbps_loss-0pct_corr-0pct_q83/bbrv3/bbrv3_50ms_0ms_10mbps_0_0_trial5.json,.meta.json,9.326507454519065,0.9326507454519065,209846272.0,179.999875,202.0,1.122223001543751,,,,,180,4.001094
20260509_163006,rate,case03_delay-50ms_jitter-0ms_rate-10mbps_loss-0pct_corr-0pct_q83,,cubic,cubic,1,50.0,0.0,10.0,0.0,0.0,83,/Users/Rohin/Desktop/courses/EE122/EE-122-simulation/Final Test Outputs/rate/case03_delay-50ms_jitter-0ms_rate-10mbps_loss-0pct_corr-0pct_q83/cubic/cubic_50ms_0ms_10mbps_0_0_trial1.json,.meta.json,9.56532282972617,0.956532282972617,215220224.0,180.000385,62.0,0.34444370771762517,,,,,180,1.000548
20260509_163006,rate,case03_delay-50ms_jitter-0ms_rate-10mbps_loss-0pct_corr-0pct_q83,,cubic,cubic,2,50.0,0.0,10.0,0.0,0.0,83,/Users/Rohin/Desktop/courses/EE122/EE-122-simulation/Final Test Outputs/rate/case03_delay-50ms_jitter-0ms_rate-10mbps_loss-0pct_corr-0pct_q83/cubic/cubic_50ms_0ms_10mbps_0_0_trial2.json,.meta.json,9.5595180791004,0.95595180791004,215089152.0,179.999996,63.0,0.35000000777777796,,,,,180,1.000232
20260509_163006,rate,case03_delay-50ms_jitter-0ms_rate-10mbps_loss-0pct_corr-0pct_q83,,cubic,cubic,3,50.0,0.0,10.0,0.0,0.0,83,/Users/Rohin/Desktop/courses/EE122/EE-122-simulation/Final Test Outputs/rate/case03_delay-50ms_jitter-0ms_rate-10mbps_loss-0pct_corr-0pct_q83/cubic/cubic_50ms_0ms_10mbps_0_0_trial3.json,.meta.json,9.56536927480875,0.956536927480875,215220224.0,179.999511,63.0,0.3500009508359164,,,,,180,1.002875
20260509_163006,rate,case03_delay-50ms_jitter-0ms_rate-10mbps_loss-0pct_corr-0pct_q83,,cubic,cubic,4,50.0,0.0,10.0,0.0,0.0,83,/Users/Rohin/Desktop/courses/EE122/EE-122-simulation/Final Test Outputs/rate/case03_delay-50ms_jitter-0ms_rate-10mbps_loss-0pct_corr-0pct_q83/cubic/cubic_50ms_0ms_10mbps_0_0_trial4.json,.meta.json,9.565406473712763,0.9565406473712763,215220224.0,179.998811,64.0,0.35555790421304506,,,,,180,0.999992
20260509_163006,rate,case03_delay-50ms_jitter-0ms_rate-10mbps_loss-0pct_corr-0pct_q83,,cubic,cubic,5,50.0,0.0,10.0,0.0,0.0,83,/Users/Rohin/Desktop/courses/EE122/EE-122-simulation/Final Test Outputs/rate/case03_delay-50ms_jitter-0ms_rate-10mbps_loss-0pct_corr-0pct_q83/cubic/cubic_50ms_0ms_10mbps_0_0_trial5.json,.meta.json,9.56532670898926,0.9565326708989261,215220224.0,180.000312,63.0,0.34999939333438485,,,,,180,1.001126
20260509_163006,rate,case03_delay-50ms_jitter-0ms_rate-10mbps_loss-0pct_corr-0pct_q83,,reno,reno,1,50.0,0.0,10.0,0.0,0.0,83,/Users/Rohin/Desktop/courses/EE122/EE-122-simulation/Final Test Outputs/rate/case03_delay-50ms_jitter-0ms_rate-10mbps_loss-0pct_corr-0pct_q83/reno/reno_50ms_0ms_10mbps_0_0_trial1.json,.meta.json,9.512980339852797,0.9512980339852797,214040576.0,179.998754,101.0,0.5611149952738006,,,,,180,1.000982
20260509_163006,rate,case03_delay-50ms_jitter-0ms_rate-10mbps_loss-0pct_corr-0pct_q83,,reno,reno,2,50.0,0.0,10.0,0.0,0.0,83,/Users/Rohin/Desktop/courses/EE122/EE-122-simulation/Final Test Outputs/rate/case03_delay-50ms_jitter-0ms_rate-10mbps_loss-0pct_corr-0pct_q83/reno/reno_50ms_0ms_10mbps_0_0_trial2.json,.meta.json,9.512937161389123,0.9512937161389123,214040576.0,179.999571,101.0,0.5611124484291132,,,,,180,1.000998
20260509_163006,rate,case03_delay-50ms_jitter-0ms_rate-10mbps_loss-0pct_corr-0pct_q83,,reno,reno,3,50.0,0.0,10.0,0.0,0.0,83,/Users/Rohin/Desktop/courses/EE122/EE-122-simulation/Final Test Outputs/rate/case03_delay-50ms_jitter-0ms_rate-10mbps_loss-0pct_corr-0pct_q83/reno/reno_50ms_0ms_10mbps_0_0_trial3.json,.meta.json,9.51870062003022,0.951870062003022,214171648.0,180.000743,99.0,0.5499977297315933,,,,,180,1.000478
20260509_163006,rate,case03_delay-50ms_jitter-0ms_rate-10mbps_loss-0pct_corr-0pct_q83,,reno,reno,4,50.0,0.0,10.0,0.0,0.0,83,/Users/Rohin/Desktop/courses/EE122/EE-122-simulation/Final Test Outputs/rate/case03_delay-50ms_jitter-0ms_rate-10mbps_loss-0pct_corr-0pct_q83/reno/reno_50ms_0ms_10mbps_0_0_trial4.json,.meta.json,9.512930925119543,0.9512930925119543,214040576.0,179.999689,103.0,0.57222321089677,,,,,180,1.000239
20260509_163006,rate,case03_delay-50ms_jitter-0ms_rate-10mbps_loss-0pct_corr-0pct_q83,,reno,reno,5,50.0,0.0,10.0,0.0,0.0,83,/Users/Rohin/Desktop/courses/EE122/EE-122-simulation/Final Test Outputs/rate/case03_delay-50ms_jitter-0ms_rate-10mbps_loss-0pct_corr-0pct_q83/reno/reno_50ms_0ms_10mbps_0_0_trial5.json,.meta.json,9.518766352128756,0.9518766352128756,214171648.0,179.9995,102.0,0.5666682407451131,,,,,180,6.000789
20260509_163006,rate,case03_delay-50ms_jitter-0ms_rate-10mbps_loss-0pct_corr-0pct_q83,,vegas,vegas,1,50.0,0.0,10.0,0.0,0.0,83,/Users/Rohin/Desktop/courses/EE122/EE-122-simulation/Final Test Outputs/rate/case03_delay-50ms_jitter-0ms_rate-10mbps_loss-0pct_corr-0pct_q83/vegas/vegas_50ms_0ms_10mbps_0_0_trial1.json,.meta.json,9.54789614330546,0.954789614330546,214827008.0,179.999451,0.0,0.0,,,,,180,1.000276
20260509_163006,rate,case03_delay-50ms_jitter-0ms_rate-10mbps_loss-0pct_corr-0pct_q83,,vegas,vegas,2,50.0,0.0,10.0,0.0,0.0,83,/Users/Rohin/Desktop/courses/EE122/EE-122-simulation/Final Test Outputs/rate/case03_delay-50ms_jitter-0ms_rate-10mbps_loss-0pct_corr-0pct_q83/vegas/vegas_50ms_0ms_10mbps_0_0_trial2.json,.meta.json,9.55952710754287,0.955952710754287,215089152.0,179.999826,0.0,0.0,,,,,180,1.001022
20260509_163006,rate,case03_delay-50ms_jitter-0ms_rate-10mbps_loss-0pct_corr-0pct_q83,,vegas,vegas,3,50.0,0.0,10.0,0.0,0.0,83,/Users/Rohin/Desktop/courses/EE122/EE-122-simulation/Final Test Outputs/rate/case03_delay-50ms_jitter-0ms_rate-10mbps_loss-0pct_corr-0pct_q83/vegas/vegas_50ms_0ms_10mbps_0_0_trial3.json,.meta.json,9.547860232632724,0.9547860232632723,214827008.0,180.000128,0.0,0.0,,,,,180,1.000232
20260509_163006,rate,case03_delay-50ms_jitter-0ms_rate-10mbps_loss-0pct_corr-0pct_q83,,vegas,vegas,4,50.0,0.0,10.0,0.0,0.0,83,/Users/Rohin/Desktop/courses/EE122/EE-122-simulation/Final Test Outputs/rate/case03_delay-50ms_jitter-0ms_rate-10mbps_loss-0pct_corr-0pct_q83/vegas/vegas_50ms_0ms_10mbps_0_0_trial4.json,.meta.json,9.55366293424116,0.955366293424116,214958080.0,180.000556,0.0,0.0,,,,,180,1.000204
20260509_163006,rate,case03_delay-50ms_jitter-0ms_rate-10mbps_loss-0pct_corr-0pct_q83,,vegas,vegas,5,50.0,0.0,10.0,0.0,0.0,83,/Users/Rohin/Desktop/courses/EE122/EE-122-simulation/Final Test Outputs/rate/case03_delay-50ms_jitter-0ms_rate-10mbps_loss-0pct_corr-0pct_q83/vegas/vegas_50ms_0ms_10mbps_0_0_trial5.json,.meta.json,9.553693824422439,0.9553693824422439,214958080.0,179.999974,0.0,0.0,,,,,180,1.000375
20260509_163006,rate,case04_delay-50ms_jitter-0ms_rate-25mbps_loss-0pct_corr-0pct_q208,,bbrv3,bbr,1,50.0,0.0,25.0,0.0,0.0,208,/Users/Rohin/Desktop/courses/EE122/EE-122-simulation/Final Test Outputs/rate/case04_delay-50ms_jitter-0ms_rate-25mbps_loss-0pct_corr-0pct_q208/bbrv3/bbrv3_50ms_0ms_25mbps_0_0_trial1.json,.meta.json,23.290124476684166,0.9316049790673666,524025856.0,179.999332,563.0,3.127789385351719,,,,,180,4.000084
20260509_163006,rate,case04_delay-50ms_jitter-0ms_rate-25mbps_loss-0pct_corr-0pct_q208,,bbrv3,bbr,2,50.0,0.0,25.0,0.0,0.0,208,/Users/Rohin/Desktop/courses/EE122/EE-122-simulation/Final Test Outputs/rate/case04_delay-50ms_jitter-0ms_rate-25mbps_loss-0pct_corr-0pct_q208/bbrv3/bbrv3_50ms_0ms_25mbps_0_0_trial2.json,.meta.json,23.30760106718175,0.93230404268727,524419072.0,179.99933,309.0,1.716673056505266,,,,,180,3.00104
20260509_163006,rate,case04_delay-50ms_jitter-0ms_rate-25mbps_loss-0pct_corr-0pct_q208,,bbrv3,bbr,3,50.0,0.0,25.0,0.0,0.0,208,/Users/Rohin/Desktop/courses/EE122/EE-122-simulation/Final Test Outputs/rate/case04_delay-50ms_jitter-0ms_rate-25mbps_loss-0pct_corr-0pct_q208/bbrv3/bbrv3_50ms_0ms_25mbps_0_0_trial3.json,.meta.json,23.27835486895157,0.9311341947580628,523763712.0,180.00025,353.0,1.9611083873494621,,,,,180,3.000311
20260509_163006,rate,case04_delay-50ms_jitter-0ms_rate-25mbps_loss-0pct_corr-0pct_q208,,bbrv3,bbr,4,50.0,0.0,25.0,0.0,0.0,208,/Users/Rohin/Desktop/courses/EE122/EE-122-simulation/Final Test Outputs/rate/case04_delay-50ms_jitter-0ms_rate-25mbps_loss-0pct_corr-0pct_q208/bbrv3/bbrv3_50ms_0ms_25mbps_0_0_trial4.json,.meta.json,23.28423797617024,0.9313695190468095,523894784.0,179.999804,167.0,0.9277787880257914,,,,,180,3.000397
20260509_163006,rate,case04_delay-50ms_jitter-0ms_rate-25mbps_loss-0pct_corr-0pct_q208,,bbrv3,bbr,5,50.0,0.0,25.0,0.0,0.0,208,/Users/Rohin/Desktop/courses/EE122/EE-122-simulation/Final Test Outputs/rate/case04_delay-50ms_jitter-0ms_rate-25mbps_loss-0pct_corr-0pct_q208/bbrv3/bbrv3_50ms_0ms_25mbps_0_0_trial5.json,.meta.json,23.278437377965016,0.9311374951186007,523763712.0,179.999612,195.0,1.083335668523552,,,,,180,4.000206
20260509_163006,rate,case04_delay-50ms_jitter-0ms_rate-25mbps_loss-0pct_corr-0pct_q208,,cubic,cubic,1,50.0,0.0,25.0,0.0,0.0,208,/Users/Rohin/Desktop/courses/EE122/EE-122-simulation/Final Test Outputs/rate/case04_delay-50ms_jitter-0ms_rate-25mbps_loss-0pct_corr-0pct_q208/cubic/cubic_50ms_0ms_25mbps_0_0_trial1.json,.meta.json,23.9016976843115,0.9560679073724601,537788416.0,180.000073,63.0,0.3499998580556131,,,,,180,1.000384
20260509_163006,rate,case04_delay-50ms_jitter-0ms_rate-25mbps_loss-0pct_corr-0pct_q208,,cubic,cubic,2,50.0,0.0,25.0,0.0,0.0,208,/Users/Rohin/Desktop/courses/EE122/EE-122-simulation/Final Test Outputs/rate/case04_delay-50ms_jitter-0ms_rate-25mbps_loss-0pct_corr-0pct_q208/cubic/cubic_50ms_0ms_25mbps_0_0_trial2.json,.meta.json,23.90746054634146,0.9562984218536584,537919488.0,180.000544,43.0,0.23888816691576223,,,,,180,1.00007
20260509_163006,rate,case04_delay-50ms_jitter-0ms_rate-25mbps_loss-0pct_corr-0pct_q208,,cubic,cubic,3,50.0,0.0,25.0,0.0,0.0,208,/Users/Rohin/Desktop/courses/EE122/EE-122-simulation/Final Test Outputs/rate/case04_delay-50ms_jitter-0ms_rate-25mbps_loss-0pct_corr-0pct_q208/cubic/cubic_50ms_0ms_25mbps_0_0_trial3.json,.meta.json,23.913357956518244,0.9565343182607298,538050560.0,180.000002,53.0,0.2944444411728396,,,,,180,1.000231
20260509_163006,rate,case04_delay-50ms_jitter-0ms_rate-25mbps_loss-0pct_corr-0pct_q208,,cubic,cubic,4,50.0,0.0,25.0,0.0,0.0,208,/Users/Rohin/Desktop/courses/EE122/EE-122-simulation/Final Test Outputs/rate/case04_delay-50ms_jitter-0ms_rate-25mbps_loss-0pct_corr-0pct_q208/cubic/cubic_50ms_0ms_25mbps_0_0_trial4.json,.meta.json,23.91346476999303,0.9565385907997213,538050560.0,179.999198,52.0,0.28889017605511774,,,,,180,1.000418
20260509_163006,rate,case04_delay-50ms_jitter-0ms_rate-25mbps_loss-0pct_corr-0pct_q208,,cubic,cubic,5,50.0,0.0,25.0,0.0,0.0,208,/Users/Rohin/Desktop/courses/EE122/EE-122-simulation/Final Test Outputs/rate/case04_delay-50ms_jitter-0ms_rate-25mbps_loss-0pct_corr-0pct_q208/cubic/cubic_50ms_0ms_25mbps_0_0_trial5.json,.meta.json,23.91331291977941,0.9565325167911765,538050560.0,180.000341,51.0,0.283332796575091,,,,,180,1.000417
20260509_163006,rate,case04_delay-50ms_jitter-0ms_rate-25mbps_loss-0pct_corr-0pct_q208,,reno,reno,1,50.0,0.0,25.0,0.0,0.0,208,/Users/Rohin/Desktop/courses/EE122/EE-122-simulation/Final Test Outputs/rate/case04_delay-50ms_jitter-0ms_rate-25mbps_loss-0pct_corr-0pct_q208/reno/reno_50ms_0ms_25mbps_0_0_trial1.json,.meta.json,23.8725620969944,0.954902483879776,537133056.0,180.000137,38.0,0.21111095043222106,,,,,180,1.000189
20260509_163006,rate,case04_delay-50ms_jitter-0ms_rate-25mbps_loss-0pct_corr-0pct_q208,,reno,reno,2,50.0,0.0,25.0,0.0,0.0,208,/Users/Rohin/Desktop/courses/EE122/EE-122-simulation/Final Test Outputs/rate/case04_delay-50ms_jitter-0ms_rate-25mbps_loss-0pct_corr-0pct_q208/reno/reno_50ms_0ms_25mbps_0_0_trial2.json,.meta.json,23.872480267499324,0.954899210699973,537133056.0,180.000754,42.0,0.23333235593002016,,,,,180,1.000423
20260509_163006,rate,case04_delay-50ms_jitter-0ms_rate-25mbps_loss-0pct_corr-0pct_q208,,reno,reno,3,50.0,0.0,25.0,0.0,0.0,208,/Users/Rohin/Desktop/courses/EE122/EE-122-simulation/Final Test Outputs/rate/case04_delay-50ms_jitter-0ms_rate-25mbps_loss-0pct_corr-0pct_q208/reno/reno_50ms_0ms_25mbps_0_0_trial3.json,.meta.json,23.878439781994576,0.955137591279783,537264128.0,179.999743,36.0,0.20000028555596328,,,,,180,1.00023
20260509_163006,rate,case04_delay-50ms_jitter-0ms_rate-25mbps_loss-0pct_corr-0pct_q208,,reno,reno,4,50.0,0.0,25.0,0.0,0.0,208,/Users/Rohin/Desktop/courses/EE122/EE-122-simulation/Final Test Outputs/rate/case04_delay-50ms_jitter-0ms_rate-25mbps_loss-0pct_corr-0pct_q208/reno/reno_50ms_0ms_25mbps_0_0_trial4.json,.meta.json,23.87852640810573,0.9551410563242293,537264128.0,179.99909,40.0,0.22222334568469207,,,,,180,1.001166
20260509_163006,rate,case04_delay-50ms_jitter-0ms_rate-25mbps_loss-0pct_corr-0pct_q208,,reno,reno,5,50.0,0.0,25.0,0.0,0.0,208,/Users/Rohin/Desktop/courses/EE122/EE-122-simulation/Final Test Outputs/rate/case04_delay-50ms_jitter-0ms_rate-25mbps_loss-0pct_corr-0pct_q208/reno/reno_50ms_0ms_25mbps_0_0_trial5.json,.meta.json,23.878485283839833,0.9551394113535934,537264128.0,179.9994,38.0,0.2111118148171605,,,,,180,1.001137
20260509_163006,rate,case04_delay-50ms_jitter-0ms_rate-25mbps_loss-0pct_corr-0pct_q208,,vegas,vegas,1,50.0,0.0,25.0,0.0,0.0,208,/Users/Rohin/Desktop/courses/EE122/EE-122-simulation/Final Test Outputs/rate/case04_delay-50ms_jitter-0ms_rate-25mbps_loss-0pct_corr-0pct_q208/vegas/vegas_50ms_0ms_25mbps_0_0_trial1.json,.meta.json,23.843392752293916,0.9537357100917566,536477696.0,180.000456,0.0,0.0,,,,,180,1.000803
20260509_163006,rate,case04_delay-50ms_jitter-0ms_rate-25mbps_loss-0pct_corr-0pct_q208,,vegas,vegas,2,50.0,0.0,25.0,0.0,0.0,208,/Users/Rohin/Desktop/courses/EE122/EE-122-simulation/Final Test Outputs/rate/case04_delay-50ms_jitter-0ms_rate-25mbps_loss-0pct_corr-0pct_q208/vegas/vegas_50ms_0ms_25mbps_0_0_trial2.json,.meta.json,23.83181965537986,0.9532727862151944,536215552.0,179.999869,0.0,0.0,,,,,180,1.001216
20260509_163006,rate,case04_delay-50ms_jitter-0ms_rate-25mbps_loss-0pct_corr-0pct_q208,,vegas,vegas,3,50.0,0.0,25.0,0.0,0.0,208,/Users/Rohin/Desktop/courses/EE122/EE-122-simulation/Final Test Outputs/rate/case04_delay-50ms_jitter-0ms_rate-25mbps_loss-0pct_corr-0pct_q208/vegas/vegas_50ms_0ms_25mbps_0_0_trial3.json,.meta.json,23.820099988783912,0.9528039995513565,535953408.0,180.000389,0.0,0.0,,,,,180,1.000254
20260509_163006,rate,case04_delay-50ms_jitter-0ms_rate-25mbps_loss-0pct_corr-0pct_q208,,vegas,vegas,4,50.0,0.0,25.0,0.0,0.0,208,/Users/Rohin/Desktop/courses/EE122/EE-122-simulation/Final Test Outputs/rate/case04_delay-50ms_jitter-0ms_rate-25mbps_loss-0pct_corr-0pct_q208/vegas/vegas_50ms_0ms_25mbps_0_0_trial4.json,.meta.json,23.8201161334944,0.9528046453397759,535953408.0,180.000267,0.0,0.0,,,,,180,1.00042
20260509_163006,rate,case04_delay-50ms_jitter-0ms_rate-25mbps_loss-0pct_corr-0pct_q208,,vegas,vegas,5,50.0,0.0,25.0,0.0,0.0,208,/Users/Rohin/Desktop/courses/EE122/EE-122-simulation/Final Test Outputs/rate/case04_delay-50ms_jitter-0ms_rate-25mbps_loss-0pct_corr-0pct_q208/vegas/vegas_50ms_0ms_25mbps_0_0_trial5.json,.meta.json,23.84925393354871,0.9539701573419483,536608768.0,180.000186,0.0,0.0,,,,,180,1.000162
20260509_163006,rate,case05_delay-50ms_jitter-0ms_rate-50mbps_loss-0pct_corr-0pct_q417,,bbrv3,bbr,1,50.0,0.0,50.0,0.0,0.0,417,/Users/Rohin/Desktop/courses/EE122/EE-122-simulation/Final Test Outputs/rate/case05_delay-50ms_jitter-0ms_rate-50mbps_loss-0pct_corr-0pct_q417/bbrv3/bbrv3_50ms_0ms_50mbps_0_0_trial1.json,.meta.json,47.02281784357922,0.9404563568715844,1058013184.0,179.999963,0.0,0.0,,,,,180,1.000095
20260509_163006,rate,case05_delay-50ms_jitter-0ms_rate-50mbps_loss-0pct_corr-0pct_q417,,bbrv3,bbr,2,50.0,0.0,50.0,0.0,0.0,417,/Users/Rohin/Desktop/courses/EE122/EE-122-simulation/Final Test Outputs/rate/case05_delay-50ms_jitter-0ms_rate-50mbps_loss-0pct_corr-0pct_q417/bbrv3/bbrv3_50ms_0ms_50mbps_0_0_trial2.json,.meta.json,47.063375132534816,0.9412675026506964,1058930688.0,180.000807,0.0,0.0,,,,,180,1.000199
20260509_163006,rate,case05_delay-50ms_jitter-0ms_rate-50mbps_loss-0pct_corr-0pct_q417,,bbrv3,bbr,3,50.0,0.0,50.0,0.0,0.0,417,/Users/Rohin/Desktop/courses/EE122/EE-122-simulation/Final Test Outputs/rate/case05_delay-50ms_jitter-0ms_rate-50mbps_loss-0pct_corr-0pct_q417/bbrv3/bbrv3_50ms_0ms_50mbps_0_0_trial3.json,.meta.json,47.127680963363865,0.9425536192672773,1060372480.0,179.999942,0.0,0.0,,,,,180,0.999994
20260509_163006,rate,case05_delay-50ms_jitter-0ms_rate-50mbps_loss-0pct_corr-0pct_q417,,bbrv3,bbr,4,50.0,0.0,50.0,0.0,0.0,417,/Users/Rohin/Desktop/courses/EE122/EE-122-simulation/Final Test Outputs/rate/case05_delay-50ms_jitter-0ms_rate-50mbps_loss-0pct_corr-0pct_q417/bbrv3/bbrv3_50ms_0ms_50mbps_0_0_trial4.json,.meta.json,46.9761943608457,0.939523887216914,1056964608.0,180.00004,9.0,0.04999998888889135,,,,,180,1.000089
20260509_163006,rate,case05_delay-50ms_jitter-0ms_rate-50mbps_loss-0pct_corr-0pct_q417,,bbrv3,bbr,5,50.0,0.0,50.0,0.0,0.0,417,/Users/Rohin/Desktop/courses/EE122/EE-122-simulation/Final Test Outputs/rate/case05_delay-50ms_jitter-0ms_rate-50mbps_loss-0pct_corr-0pct_q417/bbrv3/bbrv3_50ms_0ms_50mbps_0_0_trial5.json,.meta.json,47.05775705106334,0.9411551410212669,1058799616.0,180.000014,0.0,0.0,,,,,180,1.000144
20260509_163006,rate,case05_delay-50ms_jitter-0ms_rate-50mbps_loss-0pct_corr-0pct_q417,,cubic,cubic,1,50.0,0.0,50.0,0.0,0.0,417,/Users/Rohin/Desktop/courses/EE122/EE-122-simulation/Final Test Outputs/rate/case05_delay-50ms_jitter-0ms_rate-50mbps_loss-0pct_corr-0pct_q417/cubic/cubic_50ms_0ms_50mbps_0_0_trial1.json,.meta.json,47.82085861030694,0.9564171722061389,1075970048.0,180.000122,59.0,0.3277775556174345,,,,,180,1.000211
20260509_163006,rate,case05_delay-50ms_jitter-0ms_rate-50mbps_loss-0pct_corr-0pct_q417,,cubic,cubic,2,50.0,0.0,50.0,0.0,0.0,417,/Users/Rohin/Desktop/courses/EE122/EE-122-simulation/Final Test Outputs/rate/case05_delay-50ms_jitter-0ms_rate-50mbps_loss-0pct_corr-0pct_q417/cubic/cubic_50ms_0ms_50mbps_0_0_trial2.json,.meta.json,47.820867111788665,0.9564173422357733,1075970048.0,180.00009,60.0,0.33333316666675,,,,,180,1.000128
20260509_163006,rate,case05_delay-50ms_jitter-0ms_rate-50mbps_loss-0pct_corr-0pct_q417,,cubic,cubic,3,50.0,0.0,50.0,0.0,0.0,417,/Users/Rohin/Desktop/courses/EE122/EE-122-simulation/Final Test Outputs/rate/case05_delay-50ms_jitter-0ms_rate-50mbps_loss-0pct_corr-0pct_q417/cubic/cubic_50ms_0ms_50mbps_0_0_trial3.json,.meta.json,47.820667327767275,0.9564133465553455,1075970048.0,180.000842,60.0,0.3333317740813679,,,,,180,1.000156
20260509_163006,rate,case05_delay-50ms_jitter-0ms_rate-50mbps_loss-0pct_corr-0pct_q417,,cubic,cubic,4,50.0,0.0,50.0,0.0,0.0,417,/Users/Rohin/Desktop/courses/EE122/EE-122-simulation/Final Test Outputs/rate/case05_delay-50ms_jitter-0ms_rate-50mbps_loss-0pct_corr-0pct_q417/cubic/cubic_50ms_0ms_50mbps_0_0_trial4.json,.meta.json,47.82085648493698,0.9564171296987396,1075970048.0,180.00013,58.0,0.3222219895063409,,,,,180,1.000181
20260509_163006,rate,case05_delay-50ms_jitter-0ms_rate-50mbps_loss-0pct_corr-0pct_q417,,cubic,cubic,5,50.0,0.0,50.0,0.0,0.0,417,/Users/Rohin/Desktop/courses/EE122/EE-122-simulation/Final Test Outputs/rate/case05_delay-50ms_jitter-0ms_rate-50mbps_loss-0pct_corr-0pct_q417/cubic/cubic_50ms_0ms_50mbps_0_0_trial5.json,.meta.json,47.8208968669985,0.95641793733997,1075970048.0,179.999978,59.0,0.3277778178395111,,,,,180,1.000139
20260509_163006,rate,case05_delay-50ms_jitter-0ms_rate-50mbps_loss-0pct_corr-0pct_q417,,reno,reno,1,50.0,0.0,50.0,0.0,0.0,417,/Users/Rohin/Desktop/courses/EE122/EE-122-simulation/Final Test Outputs/rate/case05_delay-50ms_jitter-0ms_rate-50mbps_loss-0pct_corr-0pct_q417/reno/reno_50ms_0ms_50mbps_0_0_trial1.json,.meta.json,47.79179975496093,0.9558359950992186,1075314688.0,179.999865,23.0,0.12777787361118298,,,,,180,1.000173
20260509_163006,rate,case05_delay-50ms_jitter-0ms_rate-50mbps_loss-0pct_corr-0pct_q417,,reno,reno,2,50.0,0.0,50.0,0.0,0.0,417,/Users/Rohin/Desktop/courses/EE122/EE-122-simulation/Final Test Outputs/rate/case05_delay-50ms_jitter-0ms_rate-50mbps_loss-0pct_corr-0pct_q417/reno/reno_50ms_0ms_50mbps_0_0_trial2.json,.meta.json,47.79175275970213,0.9558350551940425,1075314688.0,180.000042,19.0,0.10555553092593167,,,,,180,1.000159
20260509_163006,rate,case05_delay-50ms_jitter-0ms_rate-50mbps_loss-0pct_corr-0pct_q417,,reno,reno,3,50.0,0.0,50.0,0.0,0.0,417,/Users/Rohin/Desktop/courses/EE122/EE-122-simulation/Final Test Outputs/rate/case05_delay-50ms_jitter-0ms_rate-50mbps_loss-0pct_corr-0pct_q417/reno/reno_50ms_0ms_50mbps_0_0_trial3.json,.meta.json,47.785947249645886,0.9557189449929178,1075183616.0,179.999967,18.0,0.1000000183333367,,,,,180,1.000171
20260509_163006,rate,case05_delay-50ms_jitter-0ms_rate-50mbps_loss-0pct_corr-0pct_q417,,reno,reno,4,50.0,0.0,50.0,0.0,0.0,417,/Users/Rohin/Desktop/courses/EE122/EE-122-simulation/Final Test Outputs/rate/case05_delay-50ms_jitter-0ms_rate-50mbps_loss-0pct_corr-0pct_q417/reno/reno_50ms_0ms_50mbps_0_0_trial4.json,.meta.json,47.791763911111104,0.9558352782222221,1075314688.0,180.0,22.0,0.12222222222222222,,,,,180,1.000131
20260509_163006,rate,case05_delay-50ms_jitter-0ms_rate-50mbps_loss-0pct_corr-0pct_q417,,reno,reno,5,50.0,0.0,50.0,0.0,0.0,417,/Users/Rohin/Desktop/courses/EE122/EE-122-simulation/Final Test Outputs/rate/case05_delay-50ms_jitter-0ms_rate-50mbps_loss-0pct_corr-0pct_q417/reno/reno_50ms_0ms_50mbps_0_0_trial5.json,.meta.json,47.791812764964156,0.9558362552992832,1075314688.0,179.999816,20.0,0.11111122469147412,,,,,180,1.000175
20260509_163006,rate,case05_delay-50ms_jitter-0ms_rate-50mbps_loss-0pct_corr-0pct_q417,,vegas,vegas,1,50.0,0.0,50.0,0.0,0.0,417,/Users/Rohin/Desktop/courses/EE122/EE-122-simulation/Final Test Outputs/rate/case05_delay-50ms_jitter-0ms_rate-50mbps_loss-0pct_corr-0pct_q417/vegas/vegas_50ms_0ms_50mbps_0_0_trial1.json,.meta.json,47.80926142633841,0.9561852285267682,1075707904.0,179.99992,0.0,0.0,,,,,180,1.000184
20260509_163006,rate,case05_delay-50ms_jitter-0ms_rate-50mbps_loss-0pct_corr-0pct_q417,,vegas,vegas,2,50.0,0.0,50.0,0.0,0.0,417,/Users/Rohin/Desktop/courses/EE122/EE-122-simulation/Final Test Outputs/rate/case05_delay-50ms_jitter-0ms_rate-50mbps_loss-0pct_corr-0pct_q417/vegas/vegas_50ms_0ms_50mbps_0_0_trial2.json,.meta.json,47.79756463792494,0.9559512927584989,1075445760.0,180.000093,0.0,0.0,,,,,180,1.000057
20260509_163006,rate,case05_delay-50ms_jitter-0ms_rate-50mbps_loss-0pct_corr-0pct_q417,,vegas,vegas,3,50.0,0.0,50.0,0.0,0.0,417,/Users/Rohin/Desktop/courses/EE122/EE-122-simulation/Final Test Outputs/rate/case05_delay-50ms_jitter-0ms_rate-50mbps_loss-0pct_corr-0pct_q417/vegas/vegas_50ms_0ms_50mbps_0_0_trial3.json,.meta.json,47.809060096984744,0.9561812019396949,1075707904.0,180.000678,0.0,0.0,,,,,180,1.000112
20260509_163006,rate,case05_delay-50ms_jitter-0ms_rate-50mbps_loss-0pct_corr-0pct_q417,,vegas,vegas,4,50.0,0.0,50.0,0.0,0.0,417,/Users/Rohin/Desktop/courses/EE122/EE-122-simulation/Final Test Outputs/rate/case05_delay-50ms_jitter-0ms_rate-50mbps_loss-0pct_corr-0pct_q417/vegas/vegas_50ms_0ms_50mbps_0_0_trial4.json,.meta.json,47.78597565575884,0.9557195131151768,1075183616.0,179.99986,0.0,0.0,,,,,180,1.000023
20260509_163006,rate,case05_delay-50ms_jitter-0ms_rate-50mbps_loss-0pct_corr-0pct_q417,,vegas,vegas,5,50.0,0.0,50.0,0.0,0.0,417,/Users/Rohin/Desktop/courses/EE122/EE-122-simulation/Final Test Outputs/rate/case05_delay-50ms_jitter-0ms_rate-50mbps_loss-0pct_corr-0pct_q417/vegas/vegas_50ms_0ms_50mbps_0_0_trial5.json,.meta.json,47.809263551195514,0.9561852710239103,1075707904.0,179.999912,0.0,0.0,,,,,180,1.000122
20260509_163006,rate,case06_delay-50ms_jitter-0ms_rate-75mbps_loss-0pct_corr-0pct_q625,,bbrv3,bbr,1,50.0,0.0,75.0,0.0,0.0,625,/Users/Rohin/Desktop/courses/EE122/EE-122-simulation/Final Test Outputs/rate/case06_delay-50ms_jitter-0ms_rate-75mbps_loss-0pct_corr-0pct_q625/bbrv3/bbrv3_50ms_0ms_75mbps_0_0_trial1.json,.meta.json,70.64493453607474,0.9419324604809965,1589510144.0,179.9999,0.0,0.0,,,,,180,1.000025
20260509_163006,rate,case06_delay-50ms_jitter-0ms_rate-75mbps_loss-0pct_corr-0pct_q625,,bbrv3,bbr,2,50.0,0.0,75.0,0.0,0.0,625,/Users/Rohin/Desktop/courses/EE122/EE-122-simulation/Final Test Outputs/rate/case06_delay-50ms_jitter-0ms_rate-75mbps_loss-0pct_corr-0pct_q625/bbrv3/bbrv3_50ms_0ms_75mbps_0_0_trial2.json,.meta.json,70.54000868910754,0.9405334491881004,1587150848.0,180.000074,0.0,0.0,,,,,180,1.000091
20260509_163006,rate,case06_delay-50ms_jitter-0ms_rate-75mbps_loss-0pct_corr-0pct_q625,,bbrv3,bbr,3,50.0,0.0,75.0,0.0,0.0,625,/Users/Rohin/Desktop/courses/EE122/EE-122-simulation/Final Test Outputs/rate/case06_delay-50ms_jitter-0ms_rate-75mbps_loss-0pct_corr-0pct_q625/bbrv3/bbrv3_50ms_0ms_75mbps_0_0_trial3.json,.meta.json,70.5458301897237,0.940611069196316,1587281920.0,180.000084,0.0,0.0,,,,,180,1.000127
20260509_163006,rate,case06_delay-50ms_jitter-0ms_rate-75mbps_loss-0pct_corr-0pct_q625,,bbrv3,bbr,4,50.0,0.0,75.0,0.0,0.0,625,/Users/Rohin/Desktop/courses/EE122/EE-122-simulation/Final Test Outputs/rate/case06_delay-50ms_jitter-0ms_rate-75mbps_loss-0pct_corr-0pct_q625/bbrv3/bbrv3_50ms_0ms_75mbps_0_0_trial4.json,.meta.json,70.8549608273063,0.9447328110307507,1594228736.0,179.99911,0.0,0.0,,,,,180,1.000038
20260509_163006,rate,case06_delay-50ms_jitter-0ms_rate-75mbps_loss-0pct_corr-0pct_q625,,bbrv3,bbr,5,50.0,0.0,75.0,0.0,0.0,625,/Users/Rohin/Desktop/courses/EE122/EE-122-simulation/Final Test Outputs/rate/case06_delay-50ms_jitter-0ms_rate-75mbps_loss-0pct_corr-0pct_q625/bbrv3/bbrv3_50ms_0ms_75mbps_0_0_trial5.json,.meta.json,70.85426133483443,0.9447234844644591,1594228736.0,180.000887,0.0,0.0,,,,,180,1.000923
20260509_163006,rate,case06_delay-50ms_jitter-0ms_rate-75mbps_loss-0pct_corr-0pct_q625,,cubic,cubic,1,50.0,0.0,75.0,0.0,0.0,625,/Users/Rohin/Desktop/courses/EE122/EE-122-simulation/Final Test Outputs/rate/case06_delay-50ms_jitter-0ms_rate-75mbps_loss-0pct_corr-0pct_q625/cubic/cubic_50ms_0ms_75mbps_0_0_trial1.json,.meta.json,71.73427235882109,0.9564569647842812,1614020608.0,179.999942,27.0,0.1500000483333489,,,,,180,1.000124
20260509_163006,rate,case06_delay-50ms_jitter-0ms_rate-75mbps_loss-0pct_corr-0pct_q625,,cubic,cubic,2,50.0,0.0,75.0,0.0,0.0,625,/Users/Rohin/Desktop/courses/EE122/EE-122-simulation/Final Test Outputs/rate/case06_delay-50ms_jitter-0ms_rate-75mbps_loss-0pct_corr-0pct_q625/cubic/cubic_50ms_0ms_75mbps_0_0_trial2.json,.meta.json,71.7339061172602,0.9564520815634694,1614020608.0,180.000861,64.0,0.35555385482295,,,,,180,1.000079
20260509_163006,rate,case06_delay-50ms_jitter-0ms_rate-75mbps_loss-0pct_corr-0pct_q625,,cubic,cubic,3,50.0,0.0,75.0,0.0,0.0,625,/Users/Rohin/Desktop/courses/EE122/EE-122-simulation/Final Test Outputs/rate/case06_delay-50ms_jitter-0ms_rate-75mbps_loss-0pct_corr-0pct_q625/cubic/cubic_50ms_0ms_75mbps_0_0_trial3.json,.meta.json,71.72839792030075,0.9563786389373433,1613889536.0,180.000065,64.0,0.35555542716054017,,,,,180,1.000115
20260509_163006,rate,case06_delay-50ms_jitter-0ms_rate-75mbps_loss-0pct_corr-0pct_q625,,cubic,cubic,4,50.0,0.0,75.0,0.0,0.0,625,/Users/Rohin/Desktop/courses/EE122/EE-122-simulation/Final Test Outputs/rate/case06_delay-50ms_jitter-0ms_rate-75mbps_loss-0pct_corr-0pct_q625/cubic/cubic_50ms_0ms_75mbps_0_0_trial4.json,.meta.json,71.72847761858043,0.9563797015810723,1613889536.0,179.999865,64.0,0.3555558222224222,,,,,180,1.000121
20260509_163006,rate,case06_delay-50ms_jitter-0ms_rate-75mbps_loss-0pct_corr-0pct_q625,,cubic,cubic,5,50.0,0.0,75.0,0.0,0.0,625,/Users/Rohin/Desktop/courses/EE122/EE-122-simulation/Final Test Outputs/rate/case06_delay-50ms_jitter-0ms_rate-75mbps_loss-0pct_corr-0pct_q625/cubic/cubic_50ms_0ms_75mbps_0_0_trial5.json,.meta.json,71.73459117932907,0.9564612157243876,1614020608.0,179.999142,62.0,0.3444460863041225,,,,,180,1.000129
20260509_163006,rate,case06_delay-50ms_jitter-0ms_rate-75mbps_loss-0pct_corr-0pct_q625,,reno,reno,1,50.0,0.0,75.0,0.0,0.0,625,/Users/Rohin/Desktop/courses/EE122/EE-122-simulation/Final Test Outputs/rate/case06_delay-50ms_jitter-0ms_rate-75mbps_loss-0pct_corr-0pct_q625/reno/reno_50ms_0ms_75mbps_0_0_trial1.json,.meta.json,71.69928037960835,0.9559904050614447,1613234176.0,180.000041,16.0,0.08888886864197991,,,,,180,1.000108
20260509_163006,rate,case06_delay-50ms_jitter-0ms_rate-75mbps_loss-0pct_corr-0pct_q625,,reno,reno,2,50.0,0.0,75.0,0.0,0.0,625,/Users/Rohin/Desktop/courses/EE122/EE-122-simulation/Final Test Outputs/rate/case06_delay-50ms_jitter-0ms_rate-75mbps_loss-0pct_corr-0pct_q625/reno/reno_50ms_0ms_75mbps_0_0_trial2.json,.meta.json,71.69929272781707,0.9559905697042276,1613234176.0,180.00001,15.0,0.08333332870370395,,,,,180,1.000102
20260509_163006,rate,case06_delay-50ms_jitter-0ms_rate-75mbps_loss-0pct_corr-0pct_q625,,reno,reno,3,50.0,0.0,75.0,0.0,0.0,625,/Users/Rohin/Desktop/courses/EE122/EE-122-simulation/Final Test Outputs/rate/case06_delay-50ms_jitter-0ms_rate-75mbps_loss-0pct_corr-0pct_q625/reno/reno_50ms_0ms_75mbps_0_0_trial3.json,.meta.json,71.6989318432135,0.9559857579095133,1613234176.0,180.000916,15.0,0.08333290926141732,,,,,180,1.000108
20260509_163006,rate,case06_delay-50ms_jitter-0ms_rate-75mbps_loss-0pct_corr-0pct_q625,,reno,reno,4,50.0,0.0,75.0,0.0,0.0,625,/Users/Rohin/Desktop/courses/EE122/EE-122-simulation/Final Test Outputs/rate/case06_delay-50ms_jitter-0ms_rate-75mbps_loss-0pct_corr-0pct_q625/reno/reno_50ms_0ms_75mbps_0_0_trial4.json,.meta.json,71.6934637212455,0.9559128496166066,1613103104.0,180.000019,15.0,0.08333332453703796,,,,,180,1.000117
20260509_163006,rate,case06_delay-50ms_jitter-0ms_rate-75mbps_loss-0pct_corr-0pct_q625,,reno,reno,5,50.0,0.0,75.0,0.0,0.0,625,/Users/Rohin/Desktop/courses/EE122/EE-122-simulation/Final Test Outputs/rate/case06_delay-50ms_jitter-0ms_rate-75mbps_loss-0pct_corr-0pct_q625/reno/reno_50ms_0ms_75mbps_0_0_trial5.json,.meta.json,71.68765582328554,0.9558354109771405,1612972032.0,179.999975,11.0,0.06111111959876661,,,,,180,1.000082
20260509_163006,rate,case06_delay-50ms_jitter-0ms_rate-75mbps_loss-0pct_corr-0pct_q625,,vegas,vegas,1,50.0,0.0,75.0,0.0,0.0,625,/Users/Rohin/Desktop/courses/EE122/EE-122-simulation/Final Test Outputs/rate/case06_delay-50ms_jitter-0ms_rate-75mbps_loss-0pct_corr-0pct_q625/vegas/vegas_50ms_0ms_75mbps_0_0_trial1.json,.meta.json,71.7110017372013,0.9561466898293507,1613496320.0,179.999864,0.0,0.0,,,,,180,1.000135
20260509_163006,rate,case06_delay-50ms_jitter-0ms_rate-75mbps_loss-0pct_corr-0pct_q625,,vegas,vegas,2,50.0,0.0,75.0,0.0,0.0,625,/Users/Rohin/Desktop/courses/EE122/EE-122-simulation/Final Test Outputs/rate/case06_delay-50ms_jitter-0ms_rate-75mbps_loss-0pct_corr-0pct_q625/vegas/vegas_50ms_0ms_75mbps_0_0_trial2.json,.meta.json,71.71677895417602,0.9562237193890136,1613627392.0,179.999985,0.0,0.0,,,,,180,1.000098
20260509_163006,rate,case06_delay-50ms_jitter-0ms_rate-75mbps_loss-0pct_corr-0pct_q625,,vegas,vegas,3,50.0,0.0,75.0,0.0,0.0,625,/Users/Rohin/Desktop/courses/EE122/EE-122-simulation/Final Test Outputs/rate/case06_delay-50ms_jitter-0ms_rate-75mbps_loss-0pct_corr-0pct_q625/vegas/vegas_50ms_0ms_75mbps_0_0_trial3.json,.meta.json,71.7169793633073,0.956226391510764,1613627392.0,179.999482,0.0,0.0,,,,,180,1.00102
20260509_163006,rate,case06_delay-50ms_jitter-0ms_rate-75mbps_loss-0pct_corr-0pct_q625,,vegas,vegas,4,50.0,0.0,75.0,0.0,0.0,625,/Users/Rohin/Desktop/courses/EE122/EE-122-simulation/Final Test Outputs/rate/case06_delay-50ms_jitter-0ms_rate-75mbps_loss-0pct_corr-0pct_q625/vegas/vegas_50ms_0ms_75mbps_0_0_trial4.json,.meta.json,71.71678692270856,0.9562238256361142,1613627392.0,179.999965,0.0,0.0,,,,,180,1.00007
20260509_163006,rate,case06_delay-50ms_jitter-0ms_rate-75mbps_loss-0pct_corr-0pct_q625,,vegas,vegas,5,50.0,0.0,75.0,0.0,0.0,625,/Users/Rohin/Desktop/courses/EE122/EE-122-simulation/Final Test Outputs/rate/case06_delay-50ms_jitter-0ms_rate-75mbps_loss-0pct_corr-0pct_q625/vegas/vegas_50ms_0ms_75mbps_0_0_trial5.json,.meta.json,71.7223254567059,0.9562976727560787,1613758464.0,180.000685,0.0,0.0,,,,,180,1.000121
